R_ID,Zone_name,Zone,Technology,Cluster,Num_units,Cap_size,Existing_Cap_MW,Existing_Cap_MWh,Fixed_OM_cost_per_MWyr,Var_OM_cost_per_MWh,Fuel,Heat_rate_MMBTU_per_MWh,heat_rate_mmbtu_mwh_iqr,heat_rate_mmbtu_mwh_std,Min_power,Ramp_Up_percentage,Ramp_Dn_percentage,Commit,Start_fuel_MMBTU_per_MW,Start_cost_per_MW,Up_time,Down_time,Charge_efficiency,Discharge_efficiency,THERM,VRE,MUSTRUN,STOR,HYDRO,RPS,CES
1,AZ,8,Biomass,1,5,1.954,593,0,116511,6.809,None,15.832,1.579,2.035,0.262,1,1,1,0,0,0,0,1,1,1,0,1,0,0,1,1
2,AZ,8,Conventional Hydroelectric,1,28,98.661,46000,11050,46475,0,None,9.118,0,0,0.004,0.083,0.083,0,0,0,0,0,1,1,0,0,0,0,1,0,1
3,AZ,8,Conventional Steam Coal,1,10,332.9,25000,0,57649.513,1.857,mountain_reference_coal,10.647,0.755,0.495,0.428,0.57,0.57,1,16.5,122.3963045,24,24,1,1,1,0,0,0,0,0,0
28,ID,5,Geothermal,1,1,8.154,1650,0,206553,0,None,9.118,0,,0.041,1,1,0,0,0,0,0,1,1,1,0,1,0,0,1,1
4,AZ,8,Hydroelectric Pumped Storage,1,6,36.05,216.3,34333,40113,0,None,0,0,0,0.601,1,1,0,0,0,0,0,0.866,0.866,0,0,0,1,0,0,0
16,CO,12,Hydroelectric Pumped Storage,1,5,112.5,562.5,89286,40113,0,None,0,0,0,0.267,1,1,0,0,0,0,0,0.866,0.866,0,0,0,1,0,0,0
69,NorCal,1,Hydroelectric Pumped Storage,1,20,89.55,1791,284286,40113,0,None,0,0,0,0.266,1,1,0,0,0,0,0,1,1,0,0,0,1,0,0,0
87,PNW,4,Hydroelectric Pumped Storage,1,6,52.333,313.998,49841,40113,0,None,0,0,0,0,1,1,0,0,0,0,0,0.866,0.866,0,0,0,1,0,0,0
99,SD_IID,3,Hydroelectric Pumped Storage,1,2,21,42,6667,40113,0,None,0,0,0,0,1,1,0,0,0,0,0,0.866,0.866,0,0,0,1,0,0,0
112,SoCal,2,Hydroelectric Pumped Storage,1,6,270.5,1623,257619,40113,0,None,0,0,0,0.037,1,1,0,0,0,0,0,0.866,0.866,0,0,0,1,0,0,0
5,AZ,8,Natural Gas Fired Combined Cycle,1,15,518.4,19000,0,10293.267,3.554,mountain_reference_naturalgas,7.578,0.488,0.464,0.368,0.64,0.64,1,2,90.95901427,6,6,1,1,1,0,0,0,0,0,0
70,NorCal,1,Natural Gas Fired Combined Cycle,1,14,145.443,26590,0,16291,4.495,pacific_reference_naturalgas,8.363,0.711,0.435,0.506,0.64,0.64,1,2,90.95901427,6,6,1,1,1,0,0,0,0,0,0
131,UT,11,Natural Gas Fired Combined Cycle,1,1,140,140,0,16291,4.495,mountain_reference_naturalgas,8.666,0,,0.071,0.64,0.64,1,2,90.95901427,6,6,1,1,1,0,0,0,0,0,0
132,UT,11,Natural Gas Fired Combined Cycle,2,3,588.467,1765.401,0,11391.658,3.531,mountain_reference_naturalgas,7.395,0.111,0.12,0.374,0.64,0.64,1,2,90.95901427,6,6,1,1,1,0,0,0,0,0,0
141,WY,10,Natural Gas Fired Combined Cycle,1,1,94,94,0,16291,4.495,mountain_reference_naturalgas,7.814,0,,0.479,0.64,0.64,1,2,90.95901427,6,6,1,1,1,0,0,0,0,0,0
7,AZ,8,Natural Gas Fired Combustion Turbine,1,12,39.617,475.404,0,10243.268,11.728,mountain_reference_naturalgas,12.993,0.974,1.868,0.387,3.78,3.78,1,3.5,117.9409835,1,1,1,1,1,0,0,0,0,0,0
8,AZ,8,Natural Gas Fired Combustion Turbine,2,22,46.018,1012.396,0,7300,11.728,mountain_reference_naturalgas,10.532,0.527,0.268,0.458,3.78,3.78,1,3.5,117.9409835,1,1,1,1,1,0,0,0,0,0,0
19,CO,12,Natural Gas Fired Combustion Turbine,1,26,92.308,2400.008,0,8072.287,11.728,mountain_reference_naturalgas,11.55,0.902,0.633,0.476,3.78,3.78,1,3.5,117.9409835,1,1,1,1,1,0,0,0,0,0,0
20,CO,12,Natural Gas Fired Combustion Turbine,2,11,34.345,377.795,0,10844.244,11.728,mountain_reference_naturalgas,16.041,3.209,3.627,0.392,3.78,3.78,1,3.5,117.9409835,1,1,1,1,1,0,0,0,0,0,0
30,ID,5,Natural Gas Fired Combustion Turbine,1,5,100.22,501.1,0,9067.434,11.728,mountain_reference_naturalgas,10.705,0,2.818,0.612,3.78,3.78,1,3.5,117.9409835,1,1,1,1,1,0,0,0,0,0,0
37,MT,6,Natural Gas Fired Combustion Turbine,1,3,48.1,144.3,0,9042,11.728,mountain_reference_naturalgas,12.516,0,0,0.104,3.78,3.78,1,3.5,117.9409835,1,1,1,1,1,0,0,0,0,0,0
46,NM,9,Natural Gas Fired Combustion Turbine,1,6,50.533,303.198,0,11493,11.728,mountain_reference_naturalgas,12.291,1.156,2.284,0.201,3.78,3.78,1,3.5,117.9409835,1,1,1,1,1,0,0,0,0,0,0
47,NM,9,Natural Gas Fired Combustion Turbine,2,10,84.54,845.4,0,8290.307,11.728,mountain_reference_naturalgas,10.316,1.09,0.936,0.396,3.78,3.78,1,3.5,117.9409835,1,1,1,1,1,0,0,0,0,0,0
60,NV,7,Natural Gas Fired Combustion Turbine,1,19,63.263,1201.997,0,8050.712,11.728,mountain_reference_naturalgas,11.908,1.23,0.958,0.782,3.78,3.78,1,3.5,117.9409835,1,1,1,1,1,0,0,0,0,0,0
61,NV,7,Natural Gas Fired Combustion Turbine,2,2,4,8,0,11493,11.728,mountain_reference_naturalgas,4.558,0,0,0.125,3.78,3.78,1,3.5,117.9409835,1,1,1,1,1,0,0,0,0,0,0
74,NorCal,1,Natural Gas Fired Combustion Turbine,1,12,24.717,11200,0,11493,11.728,pacific_reference_naturalgas,15.697,0.323,1.018,0.703,3.78,3.78,1,3.5,117.9409835,1,1,1,1,1,0,0,0,0,0,0
133,UT,11,Natural Gas Fired Combustion Turbine,1,8,40.625,325,0,9042,11.728,mountain_reference_naturalgas,13.253,6.076,3.145,0.4,3.78,3.78,1,3.5,117.9409835,1,1,1,1,1,0,0,0,0,0,0
134,UT,11,Natural Gas Fired Combustion Turbine,2,11,16.409,180.499,0,11493,11.728,mountain_reference_naturalgas,9.697,2.123,2.421,0.644,3.78,3.78,1,3.5,117.9409835,1,1,1,1,1,0,0,0,0,0,0
135,UT,11,Natural Gas Fired Combustion Turbine,3,4,5.05,20.2,0,11493,11.728,mountain_reference_naturalgas,17.142,0.637,1.275,0.455,3.78,3.78,1,3.5,117.9409835,1,1,1,1,1,0,0,0,0,0,0
142,WY,10,Natural Gas Fired Combustion Turbine,1,9,6,54,0,11493,11.728,mountain_reference_naturalgas,19.167,4.722,2.055,0.083,3.78,3.78,1,3.5,117.9409835,1,1,1,1,1,0,0,0,0,0,0
143,WY,10,Natural Gas Fired Combustion Turbine,2,4,37.5,150,0,11493,11.728,mountain_reference_naturalgas,10.721,0.661,0.902,0.596,3.78,3.78,1,3.5,117.9409835,1,1,1,1,1,0,0,0,0,0,0
21,CO,12,Natural Gas Steam Turbine,1,1,20,20,0,50678,1.043,mountain_reference_naturalgas,27.041,0,,0.15,3.78,3.78,1,13.7,86.41276839,1,1,1,1,1,0,0,0,0,0,0
22,CO,12,Natural Gas Steam Turbine,2,1,310,310,0,50678,1.043,mountain_reference_naturalgas,11.131,0,,0.71,3.78,3.78,1,13.7,86.41276839,1,1,1,1,1,0,0,0,0,0,0
48,NM,9,Natural Gas Steam Turbine,1,2,47,94,0,50678,1.043,mountain_reference_naturalgas,13.628,0.39,0.552,0.383,3.78,3.78,1,13.7,86.41276839,1,1,1,1,1,0,0,0,0,0,0
49,NM,9,Natural Gas Steam Turbine,2,3,84,252,0,50678,1.043,mountain_reference_naturalgas,12.157,0,0,0.246,3.78,3.78,1,13.7,86.41276839,1,1,1,1,1,0,0,0,0,0,0
62,NV,7,Natural Gas Steam Turbine,1,2,113,226,0,50678,1.043,mountain_reference_naturalgas,11.728,0.131,0.186,0.159,3.78,3.78,1,13.7,86.41276839,1,1,1,1,1,0,0,0,0,0,0
122,SoCal,2,Natural Gas Steam Turbine,1,2,745.5,1491,0,26418,1.043,pacific_reference_naturalgas,11.921,0.267,0.377,0.101,3.78,3.78,1,13.7,86.41276839,1,1,1,1,1,0,0,0,0,0,0
123,SoCal,2,Natural Gas Steam Turbine,2,2,134.05,268.1,0,50678,1.043,pacific_reference_naturalgas,11.537,0.203,0.288,0.298,3.78,3.78,1,13.7,86.41276839,1,1,1,1,1,0,0,0,0,0,0
9,AZ,8,Nuclear,1,3,1334.333,7400,0,105225,2.413,mountain_reference_uranium,10.458,0,0,0.082,0.25,0.25,1,0,244.8153402,24,24,1,1,1,0,0,0,0,0,1
10,AZ,8,Onshore Wind Turbine,1,4,51.075,22000,0,45062,0,None,9.118,0,0,0.024,1,1,0,0,0,0,0,1,1,0,1,0,0,0,1,1
11,AZ,8,Small Hydroelectric,1,9,2.125,1200,0,46475,0,None,9.128,0.026,0.013,0.268,1,1,0,0,0,0,0,1,1,0,0,1,0,0,1,1
12,AZ,8,Solar Photovoltaic,1,105,17.499,20000,0,18715,0,None,9.126,0,0.013,0,1,1,0,0,0,0,0,1,1,0,1,0,0,0,1,1