period_number,scenario_name,status,mip_gap,system_cost,storage_profit,ramping_charge_total,average_price
1,iso-control,OPTIMAL,0.0,3.677951344281383e7,1.2473402105263174e6,0.0,32.218854166666674
1,bi-level,OPTIMAL,0.00029647817402591843,3.6986909203404985e7,4.215596104589553e6,104961.05749020207,28.43569999999919
2,iso-control,OPTIMAL,0.0,3.0958930905777488e7,3.7420206315789465e6,0.0,29.00954573003234
2,bi-level,OPTIMAL,0.0008328293694339836,3.110355021248902e7,5.323013843843578e6,129270.4310399223,28.058201250035253
3,iso-control,OPTIMAL,0.0,5.754664051661347e7,1.862645149230957e-9,0.0,34.407660625000005
3,bi-level,OPTIMAL,6.0340500514210985e-15,5.7588996139348514e7,3.825721341104375e6,93257.87485487325,30.78112854166668
4,iso-control,OPTIMAL,0.0,2.834507529197659e7,1.8978033684210535e6,0.0,28.567080888302176
4,bi-level,OPTIMAL,0.0009104073164380743,2.86248422304328e7,4.853432295280422e6,118940.5674314525,27.84792500006684
5,iso-control,OPTIMAL,0.0,4.273923978686068e7,2.494680421052632e6,0.0,32.28955572916667
5,bi-level,OPTIMAL,0.0008540850007301784,4.2754533302117564e7,3.8753605240914896e6,83978.39666847695,30.151131250000017
6,iso-control,OPTIMAL,0.0,1.8588595211745337e7,1.8753974736842122e6,0.0,26.588000997085654
6,bi-level,OPTIMAL,0.0009719071572533724,1.8600129634018198e7,3.799675903047311e6,65431.41908145139,24.27503895833334
7,iso-control,OPTIMAL,0.0,-417244.6951689512,3.992161378393351e6,0.0,22.411921164589106
7,bi-level,TIME_LIMIT,0.0020870691175587683,77369.29375898093,6.680335317953793e6,196781.8404896181,22.894453125411378
8,iso-control,OPTIMAL,0.0,1.2307231026092993e7,3.4791409515789486e6,0.0,24.293487875369355
8,bi-level,OPTIMAL,0.0009865215541397247,1.2617449525783397e7,5.906832931737065e6,184454.4044367325,24.44348729166668
9,iso-control,OPTIMAL,0.0,4.0859055476681605e7,4.23249347368421e6,0.0,30.091755156250002
9,bi-level,OPTIMAL,0.0,4.0862718795586005e7,5.594879761172585e6,90505.0143620288,28.795409166666683
10,iso-control,OPTIMAL,0.0,7.162708037148462e7,104178.94736842159,0.0,34.64755234375
10,bi-level,OPTIMAL,0.0,7.166316126586396e7,2.238293087714808e6,56716.81957724247,32.222064166666684
11,iso-control,OPTIMAL,0.0,2.7945511291910976e7,2.9862827115789484e6,0.0,28.103353373009025
11,bi-level,OPTIMAL,0.0007361253989507203,2.8183828316115167e7,4.723247635195832e6,119076.90173815562,27.15659041674317
12,iso-control,OPTIMAL,0.0,3.9480714119656526e7,2.985153263157895e6,0.0,30.939192760416674
12,bi-level,OPTIMAL,0.0,3.948517688639469e7,4.865465596587533e6,106786.2723519947,28.626867916666683
13,iso-control,OPTIMAL,0.0,-2.5528721001076144e6,1.3939069726315793e6,0.0,20.05714207012062
13,bi-level,OPTIMAL,0.0008532421398517901,-1.8207099013767466e6,5.064770720188806e6,122846.95582473147,20.5182625
14,iso-control,OPTIMAL,0.0,-2.38430692435539e7,4.506860867368422e6,0.0,17.314594004310948
14,bi-level,OPTIMAL,0.0008885175590343847,-2.3749678206529066e7,6.96393891924398e6,137700.47772259352,15.488868125000486
15,iso-control,OPTIMAL,0.0,1.8199899127503037e6,3.061279469473684e6,0.0,22.21739919638735
15,bi-level,OPTIMAL,0.0009265936937337106,2.289055373638749e6,5.367699356638517e6,114966.99098121175,22.375637708333333
16,iso-control,OPTIMAL,0.0,-1.8028591068041276e7,3.331295267368423e6,0.0,16.23237393625924
16,bi-level,OPTIMAL,0.000912086375336159,-1.7264157793302964e7,6.765855493300688e6,120725.46645249102,16.94511083333333
17,iso-control,OPTIMAL,0.0,1.230110912677375e6,3.3093908569762353e6,0.0,21.577899040570188
17,bi-level,OPTIMAL,0.0009945395200859283,1.5177369701057002e6,5.650761417621158e6,141904.51448595492,21.346317291827674
18,iso-control,OPTIMAL,0.0,-2.1393599424014483e7,2.0050618340166206e6,0.0,14.887648778768458
18,bi-level,OPTIMAL,0.0009575036845534695,-2.0819217274838377e7,5.265098557098618e6,109967.08066391054,16.28111687509478
19,iso-control,OPTIMAL,0.0,-8.976216259301819e6,287925.02382271644,0.0,18.045022001670706
19,bi-level,OPTIMAL,0.0009867197928319507,-8.450369431855071e6,3.508658804765814e6,108276.36106320204,19.13959520844899
20,iso-control,OPTIMAL,0.0,-6.922408818042934e6,4.631543738947369e6,0.0,19.868078707712954
20,bi-level,OPTIMAL,0.000971909071690802,-6.657395634062812e6,6.5015153461170625e6,116854.06323425192,19.804913958382453
21,iso-control,OPTIMAL,0.0,6.975428432612917e6,1.53526523434903e6,0.0,21.124926971119006
21,bi-level,OPTIMAL,0.0007652374817681326,7.27752306126539e6,3.4475218286679126e6,108021.39627249232,22.54745791684375
22,iso-control,OPTIMAL,0.0,-1.6946844467664935e7,548387.3684210535,0.0,16.21911954149065
22,bi-level,OPTIMAL,0.000790660555557682,-1.6466068842389721e7,3.4180520073565277e6,85775.39619274712,17.24659437499464
23,iso-control,OPTIMAL,0.0,-3.233453995863288e7,1.7932688336842111e6,0.0,13.013167753125002
23,bi-level,OPTIMAL,0.000998903943529185,-3.20559908678831e7,3.6410886544479653e6,105773.17524498377,12.546591041666666
24,iso-control,OPTIMAL,0.0,-2.2590114189356722e7,1.7175612445263169e6,0.0,14.796463054259005
24,bi-level,TIME_LIMIT,0.0018394861931580807,-2.2117312725648567e7,3.827988934811213e6,108352.49389817618,14.881514603733507
25,iso-control,OPTIMAL,0.0,-5.652722753729931e6,66947.7628383725,0.0,16.81898520464651
25,bi-level,OPTIMAL,0.0009946447530577833,-5.355498750290863e6,3.498116886071454e6,72486.31828529148,17.241323622431462
26,iso-control,OPTIMAL,0.0,-2.152644602140066e7,1.9465144968421059e6,0.0,13.303388749999991
26,bi-level,OPTIMAL,0.000997034545156873,-2.102760980915711e7,3.7552106940564737e6,81435.25398806304,13.912262291666671
27,iso-control,OPTIMAL,0.0,-1.705446952372311e7,1.3677978947368425e6,0.0,14.906045628358724
27,bi-level,OPTIMAL,0.0009936191007200424,-1.679881379475171e7,3.2060224219013266e6,64828.21935982372,16.05257854171523
28,iso-control,OPTIMAL,0.0,-726431.9126623843,1.8933568686980624e6,0.0,19.05581550092336
28,bi-level,OPTIMAL,0.0004495932638776111,-441481.65763680637,4.341428956878139e6,104279.32208823634,20.982400000183944
29,iso-control,OPTIMAL,0.0,-1.236069529087054e6,1.3270101052631577e6,0.0,19.17595043814635
29,bi-level,OPTIMAL,0.0009478884897532162,-855465.5187821388,4.038781142762411e6,136849.88782304607,19.42368500012618
30,iso-control,OPTIMAL,0.0,-2.8010736601343192e7,1.098000016842105e6,0.0,14.12051734166666
30,bi-level,OPTIMAL,0.0009727553766055688,-2.7735510585378498e7,3.657064660458285e6,125062.95965840164,12.835740416666667
31,iso-control,OPTIMAL,0.0,-2.834612705655919e7,601817.5663612168,0.0,14.71285741341874
31,bi-level,OPTIMAL,0.0,-2.8174056490956422e7,3.028298755656668e6,101600.94705643674,13.892159375000604
32,iso-control,OPTIMAL,0.0,-1.6525251597994257e7,1.3302843368421053e6,0.0,15.086930519001037
32,bi-level,OPTIMAL,0.0009366999417262365,-1.6085960334023114e7,4.0105943202863024e6,84780.59183532205,15.57194145833334
33,iso-control,OPTIMAL,0.0,-1.2964597933766497e7,79669.89473684365,0.0,17.101859563711905
33,bi-level,OPTIMAL,0.0008682427336838614,-1.2670098827485472e7,2.8646755853055287e6,81131.30244615344,18.894691666666667
34,iso-control,OPTIMAL,0.0,-8.861938481364936e6,1.0825142905263174e6,0.0,18.08265451264427
34,bi-level,OPTIMAL,0.0006951210307482938,-8.661671315928165e6,2.76446883531514e6,82335.93670470009,19.25487520847526
35,iso-control,OPTIMAL,0.0,-1.749221161206079e7,797622.9571191133,0.0,17.18036583905528
35,bi-level,OPTIMAL,0.0009939286250054541,-1.7195420410738554e7,3.0278050433533182e6,81481.57858550348,17.964320000110693
36,iso-control,OPTIMAL,0.0,-2.7093099829697084e7,721290.9775069258,0.0,15.824378046739382
36,bi-level,OPTIMAL,0.0008292077484142064,-2.6876645773142233e7,2.8365650144987297e6,77496.50002388033,15.871060416680299
37,iso-control,OPTIMAL,0.0,-4.0477541627188616e7,2.8102940168421054e6,0.0,9.22480291666667
37,bi-level,OPTIMAL,0.0009713752744036887,-4.032943815225053e7,4.582852112837879e6,103540.17053125179,8.517064375
38,iso-control,OPTIMAL,0.0,-7.160481140514061e6,1.903835058171745e6,0.0,19.121104134349036
38,bi-level,OPTIMAL,0.0008090895894867974,-7.000506879799068e6,3.168715239221205e6,79288.19026253482,20.586324583442412
39,iso-control,OPTIMAL,0.0,-2.395821800902575e7,819187.8947368432,0.0,14.414211031855949
39,bi-level,OPTIMAL,0.0009995506692769963,-2.3633578418793667e7,2.7396001697719344e6,65909.9656414343,15.584221458333337
40,iso-control,OPTIMAL,0.0,-3.019847036721003e7,739518.0000000005,0.0,14.078567776263844
40,bi-level,OPTIMAL,0.0008759842597936857,-3.002078786852839e7,2.119126073707922e6,58501.17088796511,14.129177087144795
41,iso-control,OPTIMAL,0.0,-1.5622338274162533e7,2.1379484800000004e6,0.0,15.796098464912284
41,bi-level,OPTIMAL,0.0009934792071451236,-1.5406265710128881e7,3.6099964488554886e6,67657.26652915314,17.396586666760538
42,iso-control,OPTIMAL,0.0,-4.1893305797187597e6,2.511146724875346e6,0.0,20.186092302545017
42,bi-level,OPTIMAL,0.0009973590441412052,-4.051273641556196e6,3.8390022813030556e6,91964.6673459486,20.721151666699864
43,iso-control,OPTIMAL,0.0,-1.0364437130161347e7,1.4773448908587275e6,0.0,19.384681832871646
43,bi-level,OPTIMAL,0.0009896408692713374,-1.0121790510686383e7,3.376762993984378e6,95403.23393942455,20.902824791767348
44,iso-control,OPTIMAL,0.0,-1.416767392130181e7,79669.89473684179,0.0,17.27978068213296
44,bi-level,OPTIMAL,0.0009794353159517807,-1.3927360360315442e7,2.9328047851229254e6,69666.28921906943,18.549716666679277
45,iso-control,OPTIMAL,0.0,1.8819208093951143e7,1.2473402105263174e6,0.0,29.419845593750008
45,bi-level,OPTIMAL,0.000910180735299843,1.900585723539725e7,2.8254036499457546e6,71792.00358961828,26.919179166690686
46,iso-control,OPTIMAL,0.0,-4.547844680685214e6,2.1270495725207767e6,0.0,20.58464894647968
46,bi-level,OPTIMAL,0.000998751760073121,-4.363153013957992e6,3.8466215928533766e6,94012.05315535255,22.390585833432624
47,iso-control,OPTIMAL,0.0,2.2837261563220996e7,152607.15789473802,0.0,32.835243854310946
47,bi-level,OPTIMAL,0.0,2.2865583768885948e7,4.4969894251091005e6,103268.37795044787,25.602850000000014
48,iso-control,OPTIMAL,0.0,5.298896447566773e7,1.862645149230957e-9,0.0,34.263612500000015
48,bi-level,OPTIMAL,1.892306219940101e-14,5.300882526490819e7,2.1573351785342223e6,54745.46333737091,29.978297708333347
49,iso-control,OPTIMAL,0.0,3.674195532799122e7,0.0,0.0,30.410265233655068
49,bi-level,OPTIMAL,0.0009847360222174496,3.685754967191127e7,819392.7534346676,27394.02721935493,29.358739166693667
50,iso-control,OPTIMAL,0.0,3.499275812618388e7,9.313225746154785e-10,0.0,33.88461500000001
50,bi-level,OPTIMAL,0.0,3.5014846967677444e7,2.6081874783470556e6,57038.91683578263,28.434575625000008
51,iso-control,OPTIMAL,0.0,3.1822647988115072e7,9.313225746154785e-10,0.0,34.04154984375001
51,bi-level,OPTIMAL,0.0,3.183791309410058e7,2.858866779626237e6,55282.96440851659,28.73922916666668
52,iso-control,OPTIMAL,0.0,3.454109199890678e7,328247.42382271495,0.0,30.45071190472071
52,bi-level,OPTIMAL,0.0009910971223712282,3.4738575753200084e7,1.5882266366317885e6,54417.28449370923,29.23158541670099
53,iso-control,OPTIMAL,0.0,3.2728355261211596e7,1.7935941052631577e6,0.0,30.776085052083346
53,bi-level,OPTIMAL,0.0,3.273320924628362e7,3.1266867151342025e6,59736.60164363074,27.66283791666668
54,iso-control,OPTIMAL,0.0,5.099551082150211e7,-2.3283064365386963e-10,0.0,34.710767656250006
54,bi-level,OPTIMAL,8.154197036505234e-14,5.102044613817129e7,664887.953556309,23882.749129555854,32.507950416666674
55,iso-control,OPTIMAL,0.0,6.770150457184845e7,0.0,0.0,35.869402177083344
55,bi-level,OPTIMAL,0.0,6.772677653525215e7,925675.2709770226,34759.2887425169,34.006446979166675
56,iso-control,OPTIMAL,0.0,9.710557990043277e7,0.0,0.0,36.44373538781165
56,bi-level,OPTIMAL,0.0002007348879233788,9.725395288379934e7,485644.666483528,24665.25098520129,36.941934791666675
57,iso-control,OPTIMAL,0.0,9.568241929564476e7,-4.656612873077393e-10,0.0,36.36078192924747
57,bi-level,OPTIMAL,1.5400307771997822e-13,9.585319622673962e7,477832.3026561402,19739.606902451516,36.628863958333326
58,iso-control,OPTIMAL,0.0,7.585073131561504e7,0.0,0.0,35.602984625461694
58,bi-level,OPTIMAL,0.000655329163420673,7.588036242890055e7,642273.8539593862,28548.7249405112,34.373033437500034
59,iso-control,OPTIMAL,0.0,5.12670151751597e7,-2.3283064365386963e-10,0.0,34.71675812500001
59,bi-level,OPTIMAL,0.0,5.127747040723202e7,666693.5749162687,21846.307554100535,32.32779375000001
60,iso-control,OPTIMAL,0.0,4.535635499201225e7,546253.8947368423,0.0,33.43165250000001
60,bi-level,OPTIMAL,0.0,4.5383075770610146e7,2.9270669320158334e6,71253.17441465308,30.16144333333334
61,iso-control,OPTIMAL,0.0,5.545996192474815e7,546253.8947368413,0.0,34.379002610803326
61,bi-level,OPTIMAL,0.0,5.547564153022962e7,1.354436786223864e6,28805.44188309094,33.021240208333346
62,iso-control,OPTIMAL,0.0,7.056885497615315e7,764338.9347368404,0.0,34.459675937500016
62,bi-level,OPTIMAL,0.0009820622489409045,7.061724150727719e7,1.6630116968627241e6,44623.470695666234,33.30474864583334
63,iso-control,OPTIMAL,0.0,5.912435621079787e7,1.2473402105263155e6,0.0,32.843781694367514
63,bi-level,OPTIMAL,0.000988065706144969,5.915469060953302e7,1.3614030847616077e6,38857.82360789656,32.693211354528216
64,iso-control,OPTIMAL,0.0,6.486517431283403e7,9.313225746154785e-10,0.0,35.939401600520846
64,bi-level,OPTIMAL,0.0,6.4969684009238526e7,1.3849302222813573e6,41680.3526444428,33.92859875
65,iso-control,OPTIMAL,0.0,5.926776157445112e7,0.0,0.0,34.689326437269166
65,bi-level,OPTIMAL,0.0,5.936115759434304e7,2.1148314179697754e6,65132.7442996886,31.57395916666668
66,iso-control,OPTIMAL,0.0,6.284796046874676e7,0.0,0.0,35.75130985227667
66,bi-level,OPTIMAL,0.0,6.287947831214622e7,654370.5065294384,33961.26106422601,33.79928458333336
67,iso-control,OPTIMAL,0.0,5.3187528930062935e7,0.0,0.0,34.530707500000005
67,bi-level,OPTIMAL,0.0006894022737073686,5.331316241472444e7,782733.5553784998,39435.111142177106,32.319151458331866
68,iso-control,OPTIMAL,0.0,7.065872490891603e7,-4.656612873077393e-10,0.0,35.42357904807249
68,bi-level,OPTIMAL,0.0,7.067777498412591e7,1.1593386731443396e6,31791.99288527153,33.679007916666684
69,iso-control,OPTIMAL,0.0,3.976060269904213e7,1.7378130526315775e6,0.0,30.76345135474377
69,bi-level,OPTIMAL,0.0006665564218742407,3.987329798517276e7,3.6528085421688696e6,101020.81901028624,28.330941770845886
70,iso-control,OPTIMAL,0.0,3.0918152608837623e7,2.4388993684210526e6,0.0,30.61798551761662
70,bi-level,OPTIMAL,0.0006414037619387868,3.1081154015175123e7,3.5350601537532583e6,89356.399945439,27.468177499977543
71,iso-control,OPTIMAL,0.0,4.6968180075388126e7,9.313225746154785e-10,0.0,34.176577656250004
71,bi-level,OPTIMAL,0.0,4.7013414146843664e7,2.6471753005979345e6,70375.74849109266,29.494047916666673
72,iso-control,OPTIMAL,0.0,7.211895280102277e6,1.7935941052631577e6,0.0,23.165555204582187
72,bi-level,OPTIMAL,0.0008832229442591382,7.525428303755157e6,3.958972502011857e6,109128.29929543748,23.85246500004756
73,iso-control,OPTIMAL,0.0,1.4026400684860991e7,1.894185329639892e6,0.0,23.83350896569139
73,bi-level,OPTIMAL,0.0009589351195187313,1.4309923951214194e7,4.378759350939698e6,125200.9353796138,24.773369166732078
74,iso-control,OPTIMAL,0.0,1.7435165769540258e7,3.8216905263157915e6,0.0,27.04184618550902
74,bi-level,OPTIMAL,0.0009457431401868052,1.749359974939204e7,5.167153143399577e6,86180.66504811497,25.09669562500001
75,iso-control,OPTIMAL,0.0,4.9303165581130676e7,1.7378130526315775e6,0.0,32.47786807291667
75,bi-level,OPTIMAL,0.0,4.933106992259156e7,4.095385697575829e6,83480.55455654112,29.47135708333335
76,iso-control,OPTIMAL,0.0,3.485139131264562e7,2.494680421052633e6,0.0,30.316612656538563
76,bi-level,OPTIMAL,0.0009041043870622678,3.50002744898669e7,3.935303482043286e6,78153.77261178826,27.697263752721593
77,iso-control,OPTIMAL,0.0,3.1959777664618373e7,3.145113263157893e6,0.0,30.377269466181918
77,bi-level,OPTIMAL,8.103580628388695e-15,3.1983583913794618e7,5.400831630613546e6,115736.29088539288,27.320624166666676
78,iso-control,OPTIMAL,0.0,5.89650805840081e7,2.4388993684210517e6,0.0,30.770594480032326
78,bi-level,OPTIMAL,0.0009982538509120354,5.9098555621788174e7,3.428182125093942e6,81584.37760256305,29.941260208364913
79,iso-control,OPTIMAL,0.0,5.0511657143754736e7,3.68623957894737e6,0.0,30.864304479166677
79,bi-level,OPTIMAL,0.0009811899622156248,5.064921412834427e7,5.149547329018688e6,107596.9561905566,29.654071250000012
80,iso-control,OPTIMAL,0.0,1.0351080683334808e8,4.656612873077393e-10,0.0,36.13918660052085
80,bi-level,OPTIMAL,3.190499766455621e-13,1.0359589139444593e8,1.5181570013580401e6,54796.67929119977,34.28876395831935
81,iso-control,OPTIMAL,0.0,5.721098414894762e7,2.4388993684210544e6,0.0,32.16135031250001
81,bi-level,OPTIMAL,0.0,5.722051841996573e7,4.5238643642084105e6,84106.66261426808,30.26844270833335
82,iso-control,OPTIMAL,0.0,4.134532182080473e7,4.933579789473682e6,0.0,29.583072500000025
82,bi-level,OPTIMAL,0.0009433382935358768,4.1400356211210646e7,5.178890723421196e6,96060.61193521289,29.212195000000012
83,iso-control,OPTIMAL,0.0,8.976696884427382e7,1.4654252505263155e6,0.0,33.87434677083334
83,bi-level,OPTIMAL,0.0009935349893014018,8.987729977382293e7,2.4605893585190014e6,61928.267979015116,32.834166250000045
84,iso-control,OPTIMAL,0.0,4.667024441204395e7,3.1227376842105268e6,0.0,30.104402916666682
84,bi-level,OPTIMAL,0.0009927398415083887,4.670812482894498e7,4.578252625016332e6,85253.38626745903,28.278952500000006
85,iso-control,OPTIMAL,0.0,4.4473431564958066e7,2.985153263157895e6,0.0,29.798682761282322
85,bi-level,OPTIMAL,0.0006427269507134578,4.462492599689043e7,4.73152207065463e6,129005.75814483117,28.085640208345044
86,iso-control,OPTIMAL,0.0,2.322252273001305e7,4.989360842105263e6,0.0,26.04822774921517
86,bi-level,OPTIMAL,0.0007186072611416877,2.3398552401533604e7,6.245202105265023e6,160788.08804517382,26.285924583333344
87,iso-control,OPTIMAL,0.0,7.069899496895775e7,-9.313225746154785e-10,0.0,34.62972328125001
87,bi-level,OPTIMAL,0.0,7.07407274235867e7,2.783787206520257e6,78415.81936985876,31.87292770833335
88,iso-control,OPTIMAL,0.0,2.360925866506434e7,3.1532689010526314e6,0.0,25.971651201618766
88,bi-level,OPTIMAL,0.0007868958100355113,2.405441175893461e7,5.205672055957019e6,135486.793584107,25.41377480539172
89,iso-control,OPTIMAL,0.0,3.6770667442597e7,3.7136550914127436e6,0.0,30.376090247431904
89,bi-level,OPTIMAL,0.0,3.6809721107061744e7,5.661569519502364e6,150768.4169426075,27.694791250000502
90,iso-control,OPTIMAL,0.0,3.5728188214672334e7,3.7659094736842113e6,0.0,28.165896798966987
90,bi-level,OPTIMAL,0.0009530776224425672,3.58530446418094e7,4.594529760458632e6,113395.13405335326,27.556373958364777
