R_ID,Zone_name,Zone,Technology,Cluster,Num_units,Cap_size,Existing_Cap_MW,Existing_Cap_MWh,Fixed_OM_cost_per_MWyr,Var_OM_cost_per_MWh,Fuel,Heat_rate_MMBTU_per_MWh,Marginal_cost,heat_rate_mmbtu_mwh_iqr,heat_rate_mmbtu_mwh_std,Min_power,Ramp_Up_percentage,Ramp_Dn_percentage,Commit,Start_fuel_MMBTU_per_MW,Start_cost_per_MW,Up_time,Down_time,Charge_efficiency,Discharge_efficiency,THERM,VRE,MUSTRUN,STOR,HYDRO,RPS,CES
26,ID,5,Biomass,1,15,0.749,11.235,0,116511,3.535,None,8.221,3.535,4.077,2.986,0.472,1,1,1,0,0,0,0,1,1,1,0,1,0,0,1,1
13,CO,12,Biomass,1,10,1.408,15.682,0,116511,4.975,None,11.737,4.975,2.958,2.533,0.255,1,1,1,0,0,0,0,1,1,1,0,1,0,0,1,1
108,SoCal,2,Biomass,1,47,2.724,137.081,0,116511,5.323,None,12.378,5.323,1.992,2.099,0.435,1,1,1,0,0,0,0,1,1,1,0,1,0,0,1,1
40,NM,9,Biomass,1,4,1.488,5.952,0,116511,6.048,None,14.063,6.048,2.974,1.717,0.296,1,1,1,0,0,0,0,1,1,1,0,1,0,0,1,1
97,SD_IID,3,Biomass,1,21,1.371,178.173,0,116511,6.32,None,14.695,6.32,1.471,4.116,0.668,1,1,1,0,0,0,0,1,1,1,0,1,0,0,1,1
1,AZ,8,Biomass,1,5,1.954,16.294,0,116511,6.809,None,15.832,6.809,1.579,2.035,0.262,1,1,1,0,0,0,0,1,1,1,0,1,0,0,1,1
66,NorCal,1,Biomass,1,105,2.179,228.795,0,116511,7.529,None,17.511,7.529,3.493,5.24,0.334,1,1,1,0,0,0,0,1,1,1,0,1,0,0,1,1
2,AZ,8,Conventional Hydroelectric,1,28,98.661,2762.508,11050,46475,0,None,9.118,0,0,0,0.004,0.083,0.083,0,0,0,0,0,1,1,0,0,0,0,1,0,1
14,CO,12,Conventional Hydroelectric,1,11,42.764,470.404,1882,46475,0,None,9.118,0,0,0,0,0.083,0.083,0,0,0,0,0,1,1,0,0,0,0,1,0,1
27,ID,5,Conventional Hydroelectric,1,36,39.197,1411.092,5644,46475,0,None,9.118,0,0,0.015,0,0.083,0.083,0,0,0,0,0,1,1,0,0,0,0,1,0,1
35,MT,6,Conventional Hydroelectric,1,46,54.296,2497.616,9990,46475,0,None,9.118,0,0,0,0.288,0.083,0.083,0,0,0,0,0,1,1,0,0,0,0,1,0,1
54,NV,7,Conventional Hydroelectric,1,9,115.489,1039.401,4158,46475,0,None,9.118,0,0,0,0,0.083,0.083,0,0,0,0,0,1,1,0,0,0,0,1,0,1
67,NorCal,1,Conventional Hydroelectric,1,117,62.171,7274.007,14548,46475,0,None,9.118,0,0,0.009,0.06,0.083,0.083,0,0,0,0,0,1,1,0,0,0,0,1,0,1
84,PNW,4,Conventional Hydroelectric,1,339,85.702,29052.978,116212,46475,0,None,9.118,0,0,0.007,0.294,0.083,0.083,0,0,0,0,0,1,1,0,0,0,0,1,0,1
109,SoCal,2,Conventional Hydroelectric,1,40,34.905,1396.2,2792,46475,0,None,9.118,0,0,0,0.116,0.083,0.083,0,0,0,0,0,1,1,0,0,0,0,1,0,1
128,UT,11,Conventional Hydroelectric,1,3,50.6,151.8,304,46475,0,None,9.118,0,0,0,0,0.083,0.083,0,0,0,0,0,1,1,0,0,0,0,1,0,1
139,WY,10,Conventional Hydroelectric,1,12,19.408,232.896,466,46475,0,None,9.118,0,0,0,0,0.083,0.083,0,0,0,0,0,1,1,0,0,0,0,1,0,1
110,SoCal,2,Conventional Steam Coal,1,1,50,50,0,71832,1.857,pacific_reference_coal,4.642,11.92550264,0,,0.4,0.57,0.57,1,16.5,122.3963045,24,24,1,1,1,0,0,0,0,0,0
41,NM,9,Conventional Steam Coal,1,5,528,7219.002,0,59385.147,1.857,mountain_reference_coal,9.99,20.04534345,1.473,1.028,0.423,1,1,1,16.5,122.3963045,0,0,1,1,1,0,0,0,0,0,0
3,AZ,8,Conventional Steam Coal,1,10,332.9,14050.987,0,57649.513,1.857,mountain_reference_coal,10.647,21.24151379,0.755,0.495,0.428,0.57,0.57,1,16.5,122.3963045,24,24,1,1,1,0,0,0,0,0,0
36,MT,6,Conventional Steam Coal,1,4,406.875,2368.701,0,60337.826,1.857,mountain_reference_coal,11.107,22.07901508,2.595,1.567,0.303,0.57,0.57,1,16.5,122.3963045,24,24,1,1,1,0,0,0,0,0,0
85,PNW,4,Conventional Steam Coal,1,2,670,1340,0,56190.5,1.857,pacific_reference_coal,11.159,26.06088216,0.056,0.08,0.362,0.57,0.57,1,16.5,122.3963045,24,24,1,1,1,0,0,0,0,0,0
28,ID,5,Geothermal,1,149,74.364,74.364,0,206553,0,None,9.118,0,0,,0.041,1,1,0,0,0,0,0,1,1,1,0,1,0,0,1,1
4,AZ,8,Hydroelectric Pumped Storage,1,45,581.933,4548.798,34333,40113,0,None,0,0,0,0,0.601,1,1,0,0,0,0,0,0.866,0.866,0,0,0,1,0,0,0
116,SoCal,2,Natural Gas Fired Combined Cycle,4,2,28.25,56.5,0,16291,4.495,pacific_reference_naturalgas,4.838,17.45013351,0.008,0.011,0.655,0.64,0.64,1,2,90.95901427,6,6,1,1,1,0,0,0,0,0,0
73,NorCal,1,Natural Gas Fired Combined Cycle,4,5,128.94,644.7,0,16291,4.495,pacific_reference_naturalgas,6.624,22.23266109,0.849,0.567,0.531,0.64,0.64,1,2,90.95901427,6,6,1,1,1,0,0,0,0,0,0
71,NorCal,1,Natural Gas Fired Combined Cycle,2,30,551.057,33328.809,0,10165.892,3.557,pacific_reference_naturalgas,7.3,23.1048451,0.367,0.259,0.48,0.64,0.64,1,2,90.95901427,6,6,1,1,1,0,0,0,0,0,0
44,NM,9,Natural Gas Fired Combined Cycle,2,3,106.467,4328.205,0,16291,4.495,mountain_reference_naturalgas,7.481,24.59483859,0.23,0.265,0.445,0.64,0.64,1,2,90.95901427,6,6,1,1,1,0,0,0,0,0,0
115,SoCal,2,Natural Gas Fired Combined Cycle,3,7,154.729,2153.102,0,16291,4.495,pacific_reference_naturalgas,7.742,25.22642695,1.271,0.922,0.481,0.64,0.64,1,2,90.95901427,6,6,1,1,1,0,0,0,0,0,0
70,NorCal,1,Natural Gas Fired Combined Cycle,1,14,145.443,3102.302,0,16291,4.495,pacific_reference_naturalgas,8.363,26.88933268,0.711,0.435,0.506,0.64,0.64,1,2,90.95901427,6,6,1,1,1,0,0,0,0,0,0
131,UT,11,Natural Gas Fired Combined Cycle,1,1,140,437.4,0,16291,4.495,mountain_reference_naturalgas,8.666,27.77867881,0,,0.071,0.64,0.64,1,2,90.95901427,6,6,1,1,1,0,0,0,0,0,0
18,CO,12,Natural Gas Fired Combined Cycle,2,10,146.74,3351.201,0,16291,4.495,mountain_reference_naturalgas,8.87,28.32678295,3.505,2.703,0.46,0.64,0.64,1,2,90.95901427,6,6,1,1,1,0,0,0,0,0,0
72,NorCal,1,Natural Gas Fired Combined Cycle,3,4,52.9,211.6,0,16291,4.495,pacific_reference_naturalgas,10.799,33.41242181,1.37,1.506,0.441,0.64,0.64,1,2,90.95901427,6,6,1,1,1,0,0,0,0,0,0
114,SoCal,2,Natural Gas Fired Combined Cycle,2,6,132.7,796.2,0,16291,4.495,pacific_reference_naturalgas,12.651,38.37168334,1.801,1.202,0.637,0.64,0.64,1,2,90.95901427,6,6,1,1,1,0,0,0,0,0,0
45,NM,9,Natural Gas Fired Combined Cycle,3,1,144,144,0,9668,3.567,mountain_reference_naturalgas,15.109,44.16163457,0,,0.403,3.78,3.78,1,2,90.95901427,1,1,1,1,1,0,0,0,0,0,0
78,NorCal,1,Natural Gas Fired Combustion Turbine,5,3,83,257,0,9042,11.728,pacific_reference_naturalgas,4.356,23.39244017,0,0,0.522,3.78,3.78,1,3.5,117.9409835,1,1,1,1,1,0,0,0,0,0,0
75,NorCal,1,Natural Gas Fired Combustion Turbine,2,30,9.129,272.912,0,11493,11.728,pacific_reference_naturalgas,5.534,26.54687326,0.982,1.074,0.567,3.78,3.78,1,3.5,117.9409835,1,1,1,1,1,0,0,0,0,0,0
119,SoCal,2,Natural Gas Fired Combustion Turbine,3,13,19.562,254.306,0,11493,11.728,pacific_reference_naturalgas,6.22,28.38383514,0.933,1.215,0.621,3.78,3.78,1,3.5,117.9409835,1,1,1,1,1,0,0,0,0,0,0
117,SoCal,2,Natural Gas Fired Combustion Turbine,1,27,92.644,2501.388,0,7300,11.728,pacific_reference_naturalgas,9.047,35.95393899,3.916,1.822,0.588,3.78,3.78,1,3.5,117.9409835,1,1,1,1,1,0,0,0,0,0,0
134,UT,11,Natural Gas Fired Combustion Turbine,2,11,16.409,180.499,0,11493,11.728,mountain_reference_naturalgas,9.697,37.78175415,2.123,2.421,0.644,3.78,3.78,1,3.5,117.9409835,1,1,1,1,1,0,0,0,0,0,0
103,SD_IID,3,Natural Gas Fired Combustion Turbine,2,3,112,336,0,7300,11.728,pacific_reference_naturalgas,10.031,38.5888814,0,0,0.446,3.78,3.78,1,3.5,117.9409835,1,1,1,1,1,0,0,0,0,0,0
47,NM,9,Natural Gas Fired Combustion Turbine,2,10,84.54,2418.285,0,8290.307,11.728,mountain_reference_naturalgas,10.316,39.44487406,1.09,0.936,0.396,3.78,3.78,1,3.5,117.9409835,1,1,1,1,1,0,0,0,0,0,0
8,AZ,8,Natural Gas Fired Combustion Turbine,2,22,46.018,4328.097,0,7300,11.728,mountain_reference_naturalgas,10.532,40.02521962,0.527,0.268,0.458,3.78,3.78,1,3.5,117.9409835,1,1,1,1,1,0,0,0,0,0,0
90,PNW,4,Natural Gas Fired Combustion Turbine,1,8,94.45,5153.822,0,7300,11.728,pacific_reference_naturalgas,11.373,42.18247155,3.719,1.988,0.321,3.78,3.78,1,3.5,117.9409835,1,1,1,1,1,0,0,0,0,0,0
60,NV,7,Natural Gas Fired Combustion Turbine,1,19,63.263,1201.997,0,8050.712,11.728,mountain_reference_naturalgas,11.908,43.72223578,1.23,0.958,0.782,3.78,3.78,1,3.5,117.9409835,1,1,1,1,1,0,0,0,0,0,0
46,NM,9,Natural Gas Fired Combustion Turbine,1,6,50.533,303.198,0,11493,11.728,mountain_reference_naturalgas,12.291,44.75127444,1.156,2.284,0.201,3.78,3.78,1,3.5,117.9409835,1,1,1,1,1,0,0,0,0,0,0
37,MT,6,Natural Gas Fired Combustion Turbine,1,3,48.1,144.3,0,9042,11.728,mountain_reference_naturalgas,12.516,45.35580106,0,0,0.104,3.78,3.78,1,3.5,117.9409835,1,1,1,1,1,0,0,0,0,0,0
7,AZ,8,Natural Gas Fired Combustion Turbine,1,12,39.617,475.404,0,10243.268,11.728,mountain_reference_naturalgas,12.993,46.63739751,0.974,1.868,0.387,3.78,3.78,1,3.5,117.9409835,1,1,1,1,1,0,0,0,0,0,0
133,UT,11,Natural Gas Fired Combustion Turbine,1,8,40.625,325,0,9042,11.728,mountain_reference_naturalgas,13.253,47.33596161,6.076,3.145,0.4,3.78,3.78,1,3.5,117.9409835,1,1,1,1,1,0,0,0,0,0,0
74,NorCal,1,Natural Gas Fired Combustion Turbine,1,12,24.717,296.604,0,11493,11.728,pacific_reference_naturalgas,15.697,53.76122254,0.323,1.018,0.703,3.78,3.78,1,3.5,117.9409835,1,1,1,1,1,0,0,0,0,0,0
20,CO,12,Natural Gas Fired Combustion Turbine,2,11,34.345,377.795,0,10844.244,11.728,mountain_reference_naturalgas,16.041,54.82671819,3.209,3.627,0.392,3.78,3.78,1,3.5,117.9409835,1,1,1,1,1,0,0,0,0,0,0
135,UT,11,Natural Gas Fired Combustion Turbine,3,4,5.05,20.2,0,11493,11.728,mountain_reference_naturalgas,17.142,57.78486847,0.637,1.275,0.455,3.78,3.78,1,3.5,117.9409835,1,1,1,1,1,0,0,0,0,0,0
142,WY,10,Natural Gas Fired Combustion Turbine,1,9,6,54,0,11493,11.728,mountain_reference_naturalgas,19.167,63.2256081,4.722,2.055,0.083,3.78,3.78,1,3.5,117.9409835,1,1,1,1,1,0,0,0,0,0,0
121,SoCal,2,Natural Gas Fired Combustion Turbine,5,4,11,44,0,11493,11.728,pacific_reference_naturalgas,21.475,69.23347583,0,0,0.545,3.78,3.78,1,3.5,117.9409835,1,1,1,1,1,0,0,0,0,0,0
91,PNW,4,Natural Gas Fired Combustion Turbine,2,4,81.1,324.4,0,9042,11.728,pacific_reference_naturalgas,27.75,86.03658925,1.686,0.973,0.062,3.78,3.78,1,3.5,117.9409835,1,1,1,1,1,0,0,0,0,0,0
22,CO,12,Natural Gas Steam Turbine,2,1,310,310,0,50678,1.043,mountain_reference_naturalgas,11.131,30.94960384,0,,0.71,3.78,3.78,1,13.7,86.41276839,1,1,1,1,1,0,0,0,0,0,0
123,SoCal,2,Natural Gas Steam Turbine,2,2,134.05,268.1,0,50678,1.043,pacific_reference_naturalgas,11.537,31.93662862,0.203,0.288,0.298,3.78,3.78,1,13.7,86.41276839,1,1,1,1,1,0,0,0,0,0,0
62,NV,7,Natural Gas Steam Turbine,1,2,113,1717,0,50678,1.043,mountain_reference_naturalgas,11.728,32.55361448,0.131,0.186,0.159,3.78,3.78,1,13.7,86.41276839,1,1,1,1,1,0,0,0,0,0,0
49,NM,9,Natural Gas Steam Turbine,2,3,84,252,0,50678,1.043,mountain_reference_naturalgas,12.157,33.70624525,0,0,0.246,3.78,3.78,1,13.7,86.41276839,1,1,1,1,1,0,0,0,0,0,0
48,NM,9,Natural Gas Steam Turbine,1,2,47,94,0,50678,1.043,mountain_reference_naturalgas,13.628,37.65850598,0.39,0.552,0.383,3.78,3.78,1,13.7,86.41276839,1,1,1,1,1,0,0,0,0,0,0
21,CO,12,Natural Gas Steam Turbine,1,1,20,20,0,50678,1.043,mountain_reference_naturalgas,27.041,73.69635319,0,,0.15,3.78,3.78,1,13.7,86.41276839,1,1,1,1,1,0,0,0,0,0,0
79,NorCal,1,Nuclear,1,6,3617.333,7405.999,0,105225,2.412,pacific_reference_uranium,10.455,9.504034245,0,0,0,0.25,0.25,1,0,244.8153402,24,24,1,1,1,0,0,0,0,0,1
10,AZ,8,Onshore Wind Turbine,1,4,51.075,257.3,0,45062,0,None,9.118,0,0,0,0.024,1,1,0,0,0,0,0,1,1,0,1,0,0,0,1,1
23,CO,12,Onshore Wind Turbine,1,37,88.159,2662,0,45062,0,None,9.123,0,0,0.022,0.077,1,1,0,0,0,0,0,1,1,0,1,0,0,0,1,1
31,ID,5,Onshore Wind Turbine,1,32,30.325,1696.3,0,45062,0,None,9.118,0,0,0,0.029,1,1,0,0,0,0,0,1,1,0,1,0,0,0,1,1
38,MT,6,Onshore Wind Turbine,1,15,55.567,811.5,0,45062,0,None,9.136,0,0,0.032,0.008,1,1,0,0,0,0,0,1,1,0,1,0,0,0,1,1
50,NM,9,Onshore Wind Turbine,1,10,151.51,967.8,0,45062,0,None,9.139,0,0,0.039,0.217,1,1,0,0,0,0,0,1,1,0,1,0,0,0,1,1
63,NV,7,Onshore Wind Turbine,1,1,150,111.2,0,45062,0,None,9.118,0,0,,1,1,1,0,0,0,0,0,1,1,0,1,0,0,0,1,1
80,NorCal,1,Onshore Wind Turbine,1,30,45.437,1327.6,0,45062,0,None,9.118,0,0,0.023,0.089,1,1,0,0,0,0,0,1,1,0,1,0,0,0,1,1
94,PNW,4,Onshore Wind Turbine,1,70,93.476,5254,0,45062,0,None,9.122,0,0,0.015,0.007,1,1,0,0,0,0,0,1,1,0,1,0,0,0,1,1
105,SD_IID,3,Onshore Wind Turbine,1,4,114.85,483,0,45062,0,None,9.118,0,0,0,0.58,1,1,0,0,0,0,0,1,1,0,1,0,0,0,1,1
124,SoCal,2,Onshore Wind Turbine,1,66,53.847,4252.6,0,45062,0,None,9.121,0,0,0.011,0.019,1,1,0,0,0,0,0,1,1,0,1,0,0,0,1,1
136,UT,11,Onshore Wind Turbine,1,5,77.64,1284.9,0,45062,0,None,9.118,0,0,0,0.007,1,1,0,0,0,0,0,1,1,0,1,0,0,0,1,1
144,WY,10,Onshore Wind Turbine,1,35,86.209,3089.7,0,45062,0,None,9.164,0,0,0.026,0.008,1,1,0,0,0,0,0,1,1,0,1,0,0,0,1,1
11,AZ,8,Small Hydroelectric,1,9,2.125,19.125,0,46475,0,None,9.128,0,0.026,0.013,0.268,1,1,0,0,0,0,0,1,1,0,0,1,0,0,1,1
24,CO,12,Small Hydroelectric,1,51,1.227,62.577,0,46475,0,None,9.118,0,0,0,0.136,1,1,0,0,0,0,0,1,1,0,0,1,0,0,1,1
32,ID,5,Small Hydroelectric,1,100,1.92,192,0,46475,0,None,9.118,0,0,0,0.195,1,1,0,0,0,0,0,1,1,0,0,1,0,0,1,1
39,MT,6,Small Hydroelectric,1,23,2.3,52.9,0,46475,0,None,9.118,0,0,0,0.255,1,1,0,0,0,0,0,1,1,0,0,1,0,0,1,1
51,NM,9,Small Hydroelectric,1,9,2.849,25.641,0,46475,0,None,9.118,0,0,0,0.187,1,1,0,0,0,0,0,1,1,0,0,1,0,0,1,1
64,NV,7,Small Hydroelectric,1,8,0.766,6.128,0,46475,0,None,9.118,0,0.001,0,0.17,1,1,0,0,0,0,0,1,1,0,0,1,0,0,1,1
81,NorCal,1,Small Hydroelectric,1,136,1.777,241.672,0,46475,0,None,9.118,0,0,0.002,0.085,1,1,0,0,0,0,0,1,1,0,0,1,0,0,1,1
95,PNW,4,Small Hydroelectric,1,161,2.602,418.922,0,46475,0,None,9.118,0,0,0,0.316,1,1,0,0,0,0,0,1,1,0,0,1,0,0,1,1
106,SD_IID,3,Small Hydroelectric,1,22,1.437,31.614,0,46475,0,None,9.118,0,0,0.001,0.195,1,1,0,0,0,0,0,1,1,0,0,1,0,0,1,1
125,SoCal,2,Small Hydroelectric,1,101,0.997,100.697,0,46475,0,None,8.56,0,0,2.335,0.184,1,1,0,0,0,0,0,1,1,0,0,1,0,0,1,1
137,UT,11,Small Hydroelectric,1,51,0.722,36.822,0,46475,0,None,9.121,0,0,0.019,0.15,1,1,0,0,0,0,0,1,1,0,0,1,0,0,1,1
145,WY,10,Small Hydroelectric,1,18,1.845,33.21,0,46475,0,None,9.118,0,0,0,0.031,1,1,0,0,0,0,0,1,1,0,0,1,0,0,1,1
12,AZ,8,Solar Photovoltaic,1,105,17.499,2017.8,0,18715,0,None,9.126,0,0,0.013,0,1,1,0,0,0,0,0,1,1,0,1,0,0,0,1,1
25,CO,12,Solar Photovoltaic,1,50,11.95,533.8,0,18715,0,None,9.146,0,0,0.025,0,1,1,0,0,0,0,0,1,1,0,1,0,0,0,1,1
33,ID,5,Solar Photovoltaic,1,9,25.333,251.5,0,18715,0,None,9.118,0,0,0,0,1,1,0,0,0,0,0,1,1,0,1,0,0,0,1,1
52,NM,9,Solar Photovoltaic,1,41,7.68,987.4,0,18715,0,None,9.118,0,0,0,0,1,1,0,0,0,0,0,1,1,0,1,0,0,0,1,1
65,NV,7,Solar Photovoltaic,1,61,38.418,3526.1,0,18715,0,None,9.144,0,0,0.028,0,1,1,0,0,0,0,0,1,1,0,1,0,0,0,1,1
82,NorCal,1,Solar Photovoltaic,1,190,17.275,2787.1,0,18715,0,None,9.134,0,0,0.022,0,1,1,0,0,0,0,0,1,1,0,1,0,0,0,1,1
96,PNW,4,Solar Photovoltaic,1,32,8.678,209.9,0,18715,0,None,9.158,0,0.092,0.044,0,1,1,0,0,0,0,0,1,1,0,1,0,0,0,1,1
107,SD_IID,3,Solar Photovoltaic,1,50,30.43,3240.5,0,18715,0,None,9.134,0,0,0.022,0,1,1,0,0,0,0,0,1,1,0,1,0,0,0,1,1
126,SoCal,2,Solar Photovoltaic,1,470,13.041,6279.5,0,18715,0,None,9.131,0,0,0.016,0,1,1,0,0,0,0,0,1,1,0,1,0,0,0,1,1
138,UT,11,Solar Photovoltaic,1,35,34.149,652.3,0,18715,0,None,9.144,0,0,0.033,0,1,1,0,0,0,0,0,1,1,0,1,0,0,0,1,1