Metric,bi-level,iso-control
folder_name,tscc_all_weeks_7w_7s_20b_4hrs_0ptc_4days_eff98,tscc_all_weeks_7w_7s_20b_4hrs_0ptc_4days_eff98
storage_cap,20.0,20.0
vre_share,80%,80%
ptc,0.0,0.0
storage_one_way_efficiency,0.98,0.98
ramping_charge,0.0,0.0
system_cost,904079941.8034266,883625759.3053645
storage_profit,482694787.0683464,370226271.8267909
average_price,7.511891127055792,6.465107197009978
system_cost_no_ptc_no_storage,904079941.8034254,883625759.3053637
neg_price_count,0.0,0.0
neg_price_mean,N/A,N/A
demand_weighted_price,6.965557989719995,5.951723198859631
ramping_charge_total,0.0,0.0
storage_profit_after_ramping_charge,482694787.0683464,370226271.8267909
