Metric,bi-level,iso-control
folder_name,tscc_all_weeks_3w_3s_20b_4hrs_0ptc_4days,tscc_all_weeks_3w_3s_20b_4hrs_0ptc_4days
storage_cap,20,20
vre_share,40%,40%
ptc,0,0
storage_one_way_efficiency,0.95,0.95
ramping_charge,N/A,N/A
system_cost,5240095925,5223711612
storage_profit,315088453.8,145823500.1
average_price,25.18809248,26.19352741
system_cost_no_ptc_no_storage,5240095925,5223711612
neg_price_count,0,0
neg_price_mean,N/A,N/A
demand_weighted_price,25.70824537,26.61193916
ramping_charge_total,N/A,N/A
storage_profit_after_ramping_charge,N/A,N/A