folder_name,scenario_name,vre_share,ptc,storage_cap,efficiency,ramping_charge,system_cost,storage_profit,average_price,storage_profit_per_yr,system_cost_no_ptc_no_storage,neg_price_count,neg_price_mean,ramping_charge_total,storage_profit_after_ramping_charge
tscc_all_weeks_1w_1s_20b_4hrs_0ptc_4days,bi-level,15%,0,20,0.95,0.0,11584607589,48200103,37.29697467947474,48200103,11584607589,0,,,
tscc_all_weeks_1w_1s_20b_4hrs_0ptc_4days,iso-control,15%,0,20,0.95,0.0,11581844916,21730610,36.58469929019355,21730610,11581844916,0,,,
tscc_all_weeks_1w_1s_20b_4hrs_-5ptc_4days,bi-level,15%,5,20,0.95,0.0,11068599425,48199038,37.29900301145723,48199038,11584670110,0,,,
tscc_all_weeks_1w_1s_20b_4hrs_-5ptc_4days,iso-control,15%,5,20,0.95,0.0,11065623729,21730610,36.57870385237293,21730610,11581694415,0,,,
tscc_all_weeks_1w_1s_20b_4hrs_-10ptc_4days,bi-level,15%,10,20,0.95,0.0,10552480128,48198375,37.29801233151623,48198375,11584621498,0,,,
tscc_all_weeks_1w_1s_20b_4hrs_-10ptc_4days,iso-control,15%,10,20,0.95,0.0,10549413814,21730610,36.57300526926083,21730610,11581555184,0,,,
tscc_all_weeks_1w_1s_40b_4hrs_-10ptc_4days,bi-level,15%,10,40,0.95,0.0,10549543710,49439999,37.26967091673464,49439999,11581685080,0,,,
tscc_all_weeks_1w_1s_40b_4hrs_-10ptc_4days,iso-control,15%,10,40,0.95,0.0,10539459979,3342271,36.40913540120228,3342271,11571601349,0,,,
tscc_all_weeks_3w_3s_20b_4hrs_0ptc_4days_eff85,bi-level,40%,0,20,0.85,0.0,5336170088,229229609,25.08719868468204,229229609,5336170088,0,,0.0,229229609
tscc_all_weeks_3w_3s_20b_4hrs_0ptc_4days_eff85,iso-control,40%,0,20,0.85,0.0,5327780978,91226048,26.01427209201609,91226048,5327780978,0,,0.0,91226048
tscc_all_weeks_3w_3s_20b_4hrs_0ptc_4days,bi-level,40%,0,20,0.95,0.0,5240095925,315088454,25.18809248,315088454,5240095925,0,,,
tscc_all_weeks_3w_3s_20b_4hrs_0ptc_4days,iso-control,40%,0,20,0.95,0.0,5223711612,145823500,26.19352741,145823500,5223711612,0,,,
tscc_all_weeks_3w_3s_20b_4hrs_0ptc_4days_rc01,bi-level,40%,0,20,0.95,0.1,5240070770,315282158,25.17042903137606,315282158,5240070770,0,,1640729.104634227,313641429
tscc_all_weeks_3w_3s_20b_4hrs_0ptc_4days_rc01,iso-control,40%,0,20,0.95,0.1,5223711612,145823500,26.19352741431782,145823500,5223711612,0,,0.0,145823500
tscc_all_weeks_3w_3s_20b_4hrs_0ptc_4days_rc05,bi-level,40%,0,20,0.95,0.5,5240023365,316097641,25.17001921026806,316097641,5240023365,0,,7751483.78473611,308346157
tscc_all_weeks_3w_3s_20b_4hrs_0ptc_4days_rc05,iso-control,40%,0,20,0.95,0.5,5223711612,145823500,26.19352741431782,145823500,5223711612,0,,0.0,145823500
tscc_all_weeks_3w_3s_20b_4hrs_0ptc_4days_rc1,bi-level,40%,0,20,0.95,1.0,5240629181,315193216,25.16710714320977,315193216,5240629181,0,,14850089.04787889,300343127
tscc_all_weeks_3w_3s_20b_4hrs_0ptc_4days_rc1,iso-control,40%,0,20,0.95,1.0,5223711612,145823500,26.19352741431782,145823500,5223711612,0,,0.0,145823500
tscc_all_weeks_3w_3s_20b_4hrs_0ptc_4days_rc2,bi-level,40%,0,20,0.95,2.0,5242221332,312811348,25.19444223005673,312811348,5242221332,0,,28065291.98905502,284746056
tscc_all_weeks_3w_3s_20b_4hrs_0ptc_4days_rc2,iso-control,40%,0,20,0.95,2.0,5223711612,145823500,26.19352741431782,145823500,5223711612,0,,0.0,145823500
tscc_all_weeks_3w_3s_20b_4hrs_0ptc_4days_eff98,bi-level,40%,0,20,0.98,0.0,5209563432,345989352,25.11580322595006,345989352,5209563432,0,,0.0,345989352
tscc_all_weeks_3w_3s_20b_4hrs_0ptc_4days_eff98,iso-control,40%,0,20,0.98,0.0,5191308720,164075140,26.19401430920928,164075140,5191308720,0,,0.0,164075140
tscc_all_weeks_3w_3s_40b_4hrs_0ptc_4days,bi-level,40%,0,40,0.95,0.0,5179427419,369675341,25.24068854941566,369675341,5179427419,0,,,
tscc_all_weeks_3w_3s_40b_4hrs_0ptc_4days,iso-control,40%,0,40,0.95,0.0,5152383470,58818538,26.53676893329985,58818538,5152383470,0,,,
tscc_all_weeks_3w_3s_20b_4hrs_-5ptc_4days,bi-level,40%,5,20,0.95,0.0,3691196280,320867008,25.13611980641672,320867008,5239397558,62,-4.674688709670527,,
tscc_all_weeks_3w_3s_20b_4hrs_-5ptc_4days,iso-control,40%,5,20,0.95,0.0,3675560533,146244553,26.18964278468819,146244553,5223761811,9,-5.0,,
tscc_all_weeks_3w_3s_0b_4hrs_-10ptc_4days,bi-level,40%,10,0,0.95,0.0,2464363998,0,25.02548217474014,0,5558163259,121,-9.152024462816636,,
tscc_all_weeks_3w_3s_0b_4hrs_-10ptc_4days,iso-control,40%,10,0,0.95,0.0,2464363998,0,25.02548217476853,0,5558163259,121,-9.152024462809916,,
tscc_all_weeks_3w_3s_20b_4hrs_-10ptc_4days_eff85,bi-level,40%,10,20,0.85,0.0,2242492882,224489764,25.12781888654336,224489764,5338916993,45,-8.393421333478008,0.0,224489764
tscc_all_weeks_3w_3s_20b_4hrs_-10ptc_4days_eff85,iso-control,40%,10,20,0.85,0.0,2231375589,91608227,26.01125723090498,91608227,5327799700,9,-4.06065,0.0,91608227
tscc_all_weeks_3w_3s_20b_4hrs_-10ptc_4days,bi-level,40%,10,20,0.95,0.0,2143703978,318862977,25.16297266,318862977,5240128089,53,-8.172791698,,
tscc_all_weeks_3w_3s_20b_4hrs_-10ptc_4days,iso-control,40%,10,20,0.95,0.0,2127351719,146460115,26.1872726,146460115,5223775830,9,-7.5598,,
tscc_all_weeks_3w_3s_20b_4hrs_-10ptc_4days_rc01,bi-level,40%,10,20,0.95,0.1,2143495076,319104533,25.17071489031559,319104533,5239919187,51,-8.185746274460119,1654237.600198826,317450295
tscc_all_weeks_3w_3s_20b_4hrs_-10ptc_4days_rc01,iso-control,40%,10,20,0.95,0.1,2127351719,146460115,26.18727259950301,146460115,5223775830,9,-7.559799999999999,0.0,146460115
tscc_all_weeks_3w_3s_20b_4hrs_-10ptc_4days_rc05,bi-level,40%,10,20,0.95,0.5,2144049254,317146754,25.173009532631,317146754,5240473365,49,-8.712720816326575,7781516.574539684,309365237
tscc_all_weeks_3w_3s_20b_4hrs_-10ptc_4days_rc05,iso-control,40%,10,20,0.95,0.5,2127351719,146460115,26.18727259950301,146460115,5223775830,9,-7.559799999999999,0.0,146460115
tscc_all_weeks_3w_3s_20b_4hrs_-10ptc_4days_rc1,bi-level,40%,10,20,0.95,1.0,2144285205,317761627,25.15297586630076,317761627,5240709316,49,-8.60589102040922,14884354.66956636,302877272
tscc_all_weeks_3w_3s_20b_4hrs_-10ptc_4days_rc1,iso-control,40%,10,20,0.95,1.0,2127351719,146460115,26.18727259950301,146460115,5223775830,9,-7.559799999999999,0.0,146460115
tscc_all_weeks_3w_3s_20b_4hrs_-10ptc_4days_rc2,bi-level,40%,10,20,0.95,2.0,2147038148,312490155,25.19945797932509,312490155,5243457225,46,-9.02951563807631,27994412.06695391,284495743
tscc_all_weeks_3w_3s_20b_4hrs_-10ptc_4days_rc2,iso-control,40%,10,20,0.95,2.0,2127351719,146460115,26.18727259950301,146460115,5223775830,9,-7.559799999999999,0.0,146460115
tscc_all_weeks_3w_3s_20b_4hrs_-10ptc_4days_eff98,bi-level,40%,10,20,0.98,0.0,2113938579,347341769,25.13107740198232,347341769,5210362689,53,-8.029993584846762,0.0,347341769
tscc_all_weeks_3w_3s_20b_4hrs_-10ptc_4days_eff98,iso-control,40%,10,20,0.98,0.0,2094969429,164738103,26.18723958698706,164738103,5191393540,9,-8.1213,0.0,164738103
tscc_all_weeks_3w_3s_40b_4hrs_-10ptc_4days,bi-level,40%,10,40,0.95,0.0,2084824247,370668186,25.23682787010238,370668186,5181248358,37,-8.38400540401754,,
tscc_all_weeks_3w_3s_40b_4hrs_-10ptc_4days,iso-control,40%,10,40,0.95,0.0,2055959359,58818538,26.53676893329985,58818538,5152383470,0,,,
tscc_all_weeks_5w_5s_20b_4hrs_0ptc_4days,bi-level,65%,0,20,0.95,0.0,2063488238,558917110,13.72850527868536,558917110,2063488238,0,,,
tscc_all_weeks_5w_5s_20b_4hrs_0ptc_4days,iso-control,65%,0,20,0.95,0.0,2039049877,404993938,13.23003888900358,404993938,2039049877,0,,,
tscc_all_weeks_5w_5s_40b_4hrs_0ptc_4days,bi-level,65%,0,40,0.95,0.0,1830453224,759813220,13.54592055485559,759813220,1830453224,0,,,
tscc_all_weeks_5w_5s_40b_4hrs_0ptc_4days,iso-control,65%,0,40,0.95,0.0,1766671895,322529463,12.49026818147384,322529463,1766671895,0,,,
tscc_all_weeks_5w_5s_20b_4hrs_-5ptc_4days,bi-level,65%,5,20,0.95,0.0,-436222353,641101928,12.89064272709636,641101928,2069701385,1938,-4.895234487087642,,
tscc_all_weeks_5w_5s_20b_4hrs_-5ptc_4days,iso-control,65%,5,20,0.95,0.0,-462997400,472144144,12.67317467429488,472144144,2045385926,1382,-4.720956115353698,,
tscc_all_weeks_5w_5s_20b_4hrs_-10ptc_4days,bi-level,65%,10,20,0.95,0.0,-2946578310,717071929,12.17879291,717071929,2080813191,1822,-9.640889033,,
tscc_all_weeks_5w_5s_20b_4hrs_-10ptc_4days,iso-control,65%,10,20,0.95,0.0,-2974573485,529236970,12.15304516,529236970,2054791385,1343,-9.114002337,,
tscc_all_weeks_5w_5s_40b_4hrs_-10ptc_4days,bi-level,65%,10,40,0.95,0.0,-3252911601,969346630,12.25918905628546,969346630,1847572229,1559,-9.599418983501293,,
tscc_all_weeks_5w_5s_40b_4hrs_-10ptc_4days,iso-control,65%,10,40,0.95,0.0,-3332441393,428526528,11.95762080682405,428526528,1770766326,668,-8.739735166290778,,
tscc_all_weeks_7w_7s_20b_4hrs_0ptc_4days_eff85,bi-level,80%,0,20,0.85,0.0,954841461,438211307,7.585098388931526,438211307,954841461,0,,0.0,438211307
tscc_all_weeks_7w_7s_20b_4hrs_0ptc_4days_eff85,iso-control,80%,0,20,0.85,0.0,938489491,335855592,6.714420604061806,335855592,938489491,0,,0.0,335855592
tscc_all_weeks_7w_7s_20b_4hrs_0ptc_4days,bi-level,80%,0,20,0.95,0.0,915734931,473056800,7.530238366,473056800,915734931,0,,,
tscc_all_weeks_7w_7s_20b_4hrs_0ptc_4days,iso-control,80%,0,20,0.95,0.0,895804901,362543943,6.525956564,362543943,895804901,0,,,
tscc_all_weeks_7w_7s_20b_4hrs_0ptc_4days_rc01,bi-level,80%,0,20,0.95,0.1,915854294,472821959,7.532545911891646,472821959,915854294,0,,1956365.500329221,470865593
tscc_all_weeks_7w_7s_20b_4hrs_0ptc_4days_rc01,iso-control,80%,0,20,0.95,0.1,895804901,362543943,6.525956564086294,362543943,895804901,0,,0.0,362543943
tscc_all_weeks_7w_7s_20b_4hrs_0ptc_4days_rc05,bi-level,80%,0,20,0.95,0.5,916058429,472549582,7.523101935624426,472549582,916058429,0,,9444972.740671864,463104609
tscc_all_weeks_7w_7s_20b_4hrs_0ptc_4days_rc05,iso-control,80%,0,20,0.95,0.5,895804901,362543943,6.525956564086294,362543943,895804901,0,,0.0,362543943
tscc_all_weeks_7w_7s_20b_4hrs_0ptc_4days_rc1,bi-level,80%,0,20,0.95,1.0,916238699,472698556,7.516995697184175,472698556,916238699,0,,18390537.99980459,454308018
tscc_all_weeks_7w_7s_20b_4hrs_0ptc_4days_rc1,iso-control,80%,0,20,0.95,1.0,895804901,362543943,6.525956564086294,362543943,895804901,0,,0.0,362543943
tscc_all_weeks_7w_7s_20b_4hrs_0ptc_4days_rc2,bi-level,80%,0,20,0.95,2.0,917874999,471036973,7.507152611948778,471036973,917874999,0,,35094812.30422535,435942161
tscc_all_weeks_7w_7s_20b_4hrs_0ptc_4days_rc2,iso-control,80%,0,20,0.95,2.0,895804901,362543943,6.525956564086294,362543943,895804901,0,,0.0,362543943
tscc_all_weeks_7w_7s_20b_4hrs_0ptc_4days_eff98,bi-level,80%,0,20,0.98,0.0,904079942,482694787,7.511891127055792,482694787,904079942,0,,0.0,482694787
tscc_all_weeks_7w_7s_20b_4hrs_0ptc_4days_eff98,iso-control,80%,0,20,0.98,0.0,883625759,370226272,6.465107197009978,370226272,883625759,0,,0.0,370226272
tscc_all_weeks_7w_7s_40b_4hrs_0ptc_4days,bi-level,80%,0,40,0.95,0.0,666139480,683101891,7.019596264980356,683101891,666139480,0,,,
tscc_all_weeks_7w_7s_40b_4hrs_0ptc_4days,iso-control,80%,0,40,0.95,0.0,624772183,399892295,5.533002637627556,399892295,624772183,0,,,
tscc_all_weeks_7w_7s_20b_4hrs_-5ptc_4days,bi-level,80%,5,20,0.95,0.0,-2201874207,641782147,5.455366667152789,641782147,925579510,4230,-4.912788685758553,,
tscc_all_weeks_7w_7s_20b_4hrs_-5ptc_4days,iso-control,80%,5,20,0.95,0.0,-2226766220,507390922,4.732712738689458,507390922,907361612,3681,-4.871046153657112,,
tscc_all_weeks_7w_7s_0b_4hrs_-10ptc_4days,bi-level,80%,10,0,0.95,0.0,-4506116888,0,4.084807557871548,0,1465614121,4230,-9.754296955083396,,
tscc_all_weeks_7w_7s_0b_4hrs_-10ptc_4days,iso-control,80%,10,0,0.95,0.0,-4506116888,0,4.084807557870371,0,1465614121,4230,-9.754296955082742,,
tscc_all_weeks_7w_7s_20b_4hrs_-10ptc_4days_eff85,bi-level,80%,10,20,0.85,0.0,-5358482092,824857453,3.720514354681681,824857453,984490829,4041,-9.759309432688855,0.0,824857453
tscc_all_weeks_7w_7s_20b_4hrs_-10ptc_4days_eff85,iso-control,80%,10,20,0.85,0.0,-5383652347,664387975,3.365109852136116,664387975,967216930,3598,-9.296494173368904,0.0,664387975
tscc_all_weeks_7w_7s_20b_4hrs_-10ptc_4days,bi-level,80%,10,20,0.95,0.0,-5340316843,803488082,3.619499626,803488082,944360503,4077,-9.75172073,,
tscc_all_weeks_7w_7s_20b_4hrs_-10ptc_4days,iso-control,80%,10,20,0.95,0.0,-5367537666,643474866,2.969969184,643474866,926024334,3649,-9.612372187,,
tscc_all_weeks_7w_7s_20b_4hrs_-10ptc_4days_rc01,bi-level,80%,10,20,0.95,0.1,-5340355840,803312148,3.611454963350956,803312148,944099742,4080,-9.747752843923248,5898496.284845447,797413652
tscc_all_weeks_7w_7s_20b_4hrs_-10ptc_4days_rc01,iso-control,80%,10,20,0.95,0.1,-5367537666,643474866,2.969969184281062,643474866,926024334,3649,-9.612372186636364,0.0,643474866
tscc_all_weeks_7w_7s_20b_4hrs_-10ptc_4days_rc05,bi-level,80%,10,20,0.95,0.5,-5333359354,796733230,3.601225087382602,796733230,944491831,4078,-9.758088388152595,19843452.63836201,776889777
tscc_all_weeks_7w_7s_20b_4hrs_-10ptc_4days_rc05,iso-control,80%,10,20,0.95,0.5,-5367537666,643474866,2.969969184281062,643474866,926024334,3649,-9.612372186636364,0.0,643474866
tscc_all_weeks_7w_7s_20b_4hrs_-10ptc_4days_rc1,bi-level,80%,10,20,0.95,1.0,-5324582314,788235717,3.594851897004947,788235717,945178534,4077,-9.768689629128737,27506009.27347769,760729708
tscc_all_weeks_7w_7s_20b_4hrs_-10ptc_4days_rc1,iso-control,80%,10,20,0.95,1.0,-5367537666,643474866,2.969969184281062,643474866,926024334,3649,-9.612372186636364,0.0,643474866
tscc_all_weeks_7w_7s_20b_4hrs_-10ptc_4days_rc2,bi-level,80%,10,20,0.95,2.0,-5320800440,785009974,3.580104532878547,785009974,946873091,4067,-9.778286677128005,50380088.33522033,734629885
tscc_all_weeks_7w_7s_20b_4hrs_-10ptc_4days_rc2,iso-control,80%,10,20,0.95,2.0,-5367537666,643474866,2.969969184281062,643474866,926024334,3649,-9.612372186636364,0.0,643474866
tscc_all_weeks_7w_7s_20b_4hrs_-10ptc_4days_eff98,bi-level,80%,10,20,0.98,0.0,-5334744287,796727458,3.570303970349294,796727458,932832080,4099,-9.721928831613017,0.0,796727458
tscc_all_weeks_7w_7s_20b_4hrs_-10ptc_4days_eff98,iso-control,80%,10,20,0.98,0.0,-5362814146,635525802,2.861854088858356,635525802,914756517,3659,-9.689415665092262,0.0,635525802
tscc_all_weeks_7w_7s_40b_4hrs_-10ptc_4days,bi-level,80%,10,40,0.95,0.0,-5813394955,1214661652,3.140871464337942,1214661652,689457480,3948,-9.744757005984708,,
tscc_all_weeks_7w_7s_40b_4hrs_-10ptc_4days,iso-control,80%,10,40,0.95,0.0,-5877685297,807369421,2.132334773610948,807369421,640515065,3373,-9.612805148999527,,
