period_number,scenario_name,status,mip_gap,system_cost,storage_profit,average_price
1,iso-control,OPTIMAL,0.0,-1.724477575734845e7,6.651407065484764e6,8.118041806281742
1,bi-level,TIME_LIMIT,0.0010099818244994375,-1.6860972049217496e7,8.924363621449726e6,9.200007091883387
2,iso-control,OPTIMAL,0.0,-2.1008334603128303e7,8.104419795678671e6,6.493736491666667
2,bi-level,TIME_LIMIT,0.0011489959811500404,-2.059540494375281e7,9.921906417391853e6,7.904581041615475
3,iso-control,OPTIMAL,0.0,-9.975231983210284e6,1.0051562382714681e7,12.017488794976343
3,bi-level,OPTIMAL,0.0009569084833207832,-9.614112710262977e6,1.1768794590532027e7,12.825478345260088
4,iso-control,OPTIMAL,0.0,-2.829222754760769e7,5.877818711578948e6,4.065265755629617
4,bi-level,TIME_LIMIT,0.001099078564609769,-2.7960758415362246e7,7.378166803498274e6,5.667968541666675
5,iso-control,OPTIMAL,0.0,-2.31600786766051e7,6.804819102936288e6,8.609581868750002
5,bi-level,OPTIMAL,0.0009916400986795285,-2.2896149529329903e7,7.939794033054655e6,8.795538966221349
6,iso-control,OPTIMAL,0.0,-3.0672774438025877e7,4.228504531824853e6,2.557687407988516
6,bi-level,TIME_LIMIT,0.0012499055692753167,-3.046122243111889e7,5.826362102051559e6,3.579979171522259
7,iso-control,OPTIMAL,0.0,-3.730416898204783e7,4.400443591135735e6,-0.31717979166666677
7,bi-level,TIME_LIMIT,0.003111132965599323,-3.706864402418176e7,5.92430043231984e6,0.38378208902350464
8,iso-control,OPTIMAL,0.0,-3.001420408366772e7,4.802746509488536e6,1.5720982525392433
8,bi-level,TIME_LIMIT,0.0015466181166408886,-2.9636043536477856e7,6.948127773690464e6,3.2626675038173825
9,iso-control,OPTIMAL,0.0,-1.1013536940553097e7,8.380324544709142e6,9.858145253427976
9,bi-level,OPTIMAL,0.0009924643434562573,-1.0607917039659403e7,1.0150177376179166e7,11.498567499999998
10,iso-control,OPTIMAL,0.0,8.162708593060081e6,9.442810583047092e6,16.481234167985345
10,bi-level,OPTIMAL,0.0008868260662894614,8.507778755663067e6,1.1237760856874457e7,17.327023333414857
11,iso-control,OPTIMAL,0.0,-1.915321224200902e7,5.936352427036012e6,6.185044572152006
11,bi-level,OPTIMAL,0.0009769283051648105,-1.8813805520851426e7,7.873203405358662e6,7.852844386291888
12,iso-control,OPTIMAL,0.0,-1.8060219945365276e7,7.4642395386149585e6,8.561537455208335
12,bi-level,OPTIMAL,0.000997141302070875,-1.7561531003872804e7,9.729317859550465e6,9.452420833333331
13,iso-control,OPTIMAL,0.0,-3.5451887748092145e7,3.4867955913573406e6,-0.4964572916666667
13,bi-level,TIME_LIMIT,0.0014166557171000531,-3.509805862656044e7,5.239706746250767e6,0.38801521688432156
14,iso-control,OPTIMAL,0.0,-3.7676794807324044e7,3.646609591135734e6,-2.3061908309310275
14,bi-level,TIME_LIMIT,0.00162456077791354,-3.7504358923656255e7,4.400280693714638e6,-1.9335416575775373
15,iso-control,OPTIMAL,0.0,-3.2293328634012263e7,4.400882087534626e6,1.5440985364583335
15,bi-level,TIME_LIMIT,0.0013151536589817384,-3.176240848097157e7,5.927351281962288e6,2.7795539583411415
16,iso-control,OPTIMAL,0.0,-3.659367977255812e7,3.633114131855956e6,-1.2083719650277007
16,bi-level,TIME_LIMIT,0.010780823734883127,-3.625625275943285e7,4.900290940203392e6,-0.6232208333333323
17,iso-control,OPTIMAL,0.0,-2.7807140062206753e7,5.674242319556788e6,2.7815783620693373
17,bi-level,TIME_LIMIT,0.001725994338560163,-2.7453711740882587e7,8.016380592666503e6,3.643969184231231
18,iso-control,OPTIMAL,0.0,-3.7682215254272684e7,2.252398115235457e6,-3.2101562499999994
18,bi-level,TIME_LIMIT,0.007695075357307326,-3.71949099897685e7,3.5205958055206714e6,-1.7935520782372691
19,iso-control,OPTIMAL,0.0,-3.66570460727525e7,2.587568142936288e6,-1.06227828125
19,bi-level,TIME_LIMIT,0.004315728874548376,-3.635747086545727e7,4.480287269176849e6,-0.4419770833311167
20,iso-control,OPTIMAL,0.0,-3.008179116863309e7,5.462707830214026e6,1.2113911519185745
20,bi-level,TIME_LIMIT,0.002029274486105073,-2.9731977883185763e7,6.517347864749567e6,2.1931893851869515
21,iso-control,OPTIMAL,0.0,-2.7469329855670303e7,5.258991181902124e6,3.6465431801770767
21,bi-level,TIME_LIMIT,0.001144920646281934,-2.720196136905627e7,6.435485476928616e6,4.0109658333333815
22,iso-control,OPTIMAL,0.0,-3.740773218180839e7,2.8448638227146817e6,-2.1110989583333333
22,bi-level,TIME_LIMIT,0.00464664329757393,-3.7012649397041924e7,4.196077151338239e6,-1.1759291666664797
23,iso-control,OPTIMAL,0.0,-3.756213038632071e7,1.5090670637119114e6,-3.821427083333333
23,bi-level,TIME_LIMIT,0.004647164401704041,-3.739379211318618e7,2.1040598738460126e6,-3.229166645864332
24,iso-control,OPTIMAL,0.0,-3.75886096907509e7,2.2485164432132966e6,-2.1324503472222225
24,bi-level,TIME_LIMIT,0.0027744050197716498,-3.744487168636907e7,3.5209612856141343e6,-1.6128687499999934
25,iso-control,OPTIMAL,0.0,-2.9799211509994954e7,4.497350050481882e6,1.3212059294743819
25,bi-level,TIME_LIMIT,0.0029420868652542042,-2.9454320818351362e7,5.605475894136077e6,1.6158270849627883
26,iso-control,OPTIMAL,0.0,-3.5385111673462786e7,2.4767371468144036e6,-1.7247788411458334
26,bi-level,TIME_LIMIT,0.002592927310915485,-3.527865304348196e7,3.5790571527511305e6,-1.30879061685924
27,iso-control,OPTIMAL,0.0,-3.472696308413978e7,3.2966877008250994e6,-1.6269643721683746
27,bi-level,TIME_LIMIT,0.004912658828443901,-3.438195802154594e7,4.648357114175132e6,-0.8439406250000044
28,iso-control,OPTIMAL,0.0,-3.054149866093433e7,6.300818515235458e6,1.6313947065994654
28,bi-level,TIME_LIMIT,0.0026933163080740032,-3.0381394739639018e7,7.119084292699923e6,1.6992327083306622
29,iso-control,OPTIMAL,0.0,-3.105954797701677e7,4.298784314023319e6,2.1855609207524114
29,bi-level,TIME_LIMIT,0.0015392596478389846,-3.0400087387552753e7,6.271250050691383e6,2.6383731250001765
30,iso-control,OPTIMAL,0.0,-3.669190572690761e7,2.565626291347509e6,-2.4498834596039814
30,bi-level,TIME_LIMIT,0.0031662869386883253,-3.655086249825148e7,3.475054043902329e6,-1.8997626980352236
31,iso-control,OPTIMAL,0.0,-4.005491215496026e7,2.169391778766008e6,-3.2133754063901345
31,bi-level,OPTIMAL,0.0009943066767550647,-4.00294677356155e7,3.3254382791771283e6,-2.414857500000243
32,iso-control,OPTIMAL,0.0,-3.390168178165861e7,3.2946803311832817e6,-0.8808406224157531
32,bi-level,TIME_LIMIT,0.00261978451909775,-3.374898251966289e7,4.208178401532428e6,-0.05910583333331845
33,iso-control,OPTIMAL,0.0,-3.6100758749695726e7,4.26302339501385e6,-0.5189953489583333
33,bi-level,TIME_LIMIT,0.002809071449840909,-3.588820815995463e7,5.008006001071667e6,0.026348977767220894
34,iso-control,OPTIMAL,0.0,-3.656198709443466e7,3.832276799113573e6,-0.647957317636196
34,bi-level,TIME_LIMIT,0.0030420563061884804,-3.63888675161477e7,4.555147360975478e6,-0.07091790814383807
35,iso-control,OPTIMAL,0.0,-3.710882896878207e7,2.990617843767313e6,-1.703048935826408
35,bi-level,TIME_LIMIT,0.0025766591629914327,-3.689520738635034e7,4.283863181462117e6,-0.6601485336682027
36,iso-control,OPTIMAL,0.0,-4.370990783260161e7,1.7181170360110798e6,-3.891015625
36,bi-level,TIME_LIMIT,0.002992181126359938,-4.34591149235329e7,2.4260326006333665e6,-3.0241614583236114
37,iso-control,OPTIMAL,0.0,-3.82282627609718e7,1.1009259002770083e6,-3.9329427083333335
37,bi-level,TIME_LIMIT,0.004909077207824103,-3.8195478288333274e7,1.5109900970310788e6,-3.281249999985435
38,iso-control,OPTIMAL,0.0,-4.129699308596628e7,2.9019998136048266e6,-2.0770710416666662
38,bi-level,TIME_LIMIT,0.0020968531786078447,-4.093646126016352e7,4.047171348435566e6,-0.9193645766013813
39,iso-control,OPTIMAL,0.0,-4.1032116906617545e7,3.0323604155124654e6,-2.0450215755208334
39,bi-level,TIME_LIMIT,0.0024335072880734736,-4.085370078927521e7,3.6798239864180745e6,-1.7617895763286666
40,iso-control,OPTIMAL,0.0,-4.304033858442138e7,1.9816011080332405e6,-3.4324218749999997
40,bi-level,OPTIMAL,1.7639933241449933e-11,-4.294388637993331e7,2.884390535948272e6,-2.782164583359988
41,iso-control,OPTIMAL,0.0,-4.2586166672806896e7,2.033681494736842e6,-3.066654375
41,bi-level,TIME_LIMIT,0.0036489599607975832,-4.2479235349292256e7,3.2156929218398347e6,-2.2916666666666696
42,iso-control,OPTIMAL,0.0,-4.071708155068071e7,3.641097163434902e6,-0.9607833333333335
42,bi-level,TIME_LIMIT,0.0032327607829864273,-4.0629420521066286e7,4.641414310600952e6,-0.45746770833332073
43,iso-control,OPTIMAL,0.0,-4.405651602818575e7,3.1081820910801017e6,-1.971063115894901
43,bi-level,TIME_LIMIT,0.0018728738949073311,-4.3846165875888884e7,3.9156552342090122e6,-1.478292708328458
44,iso-control,OPTIMAL,0.0,-4.366369973766088e7,2.4504619113573404e6,-2.5635416666666666
44,bi-level,TIME_LIMIT,0.0033887003739149196,-4.343429057303353e7,3.452426105085487e6,-2.135416666656925
45,iso-control,OPTIMAL,0.0,-3.9765158075851575e7,4.428996870448617e6,0.6884937618998732
45,bi-level,TIME_LIMIT,0.005135958056491222,-3.931450711727324e7,6.062127346986201e6,1.7946454290574092
46,iso-control,OPTIMAL,0.0,-4.475774648925298e7,2.781440443213296e6,-2.0833333333333335
46,bi-level,TIME_LIMIT,0.006713666753946897,-4.4546918428192586e7,3.675903440693074e6,-1.7136708333328239
47,iso-control,OPTIMAL,0.0,-3.3542418908529047e7,5.23732483767313e6,3.265135797538665
47,bi-level,TIME_LIMIT,0.002486400373690493,-3.3300838636003323e7,6.512808141419956e6,3.7261514602948647
48,iso-control,OPTIMAL,0.0,-3.372697761749055e7,4.902736311578948e6,4.780458139483064
48,bi-level,OPTIMAL,0.000972293692454995,-3.3516650308199238e7,6.404602299658557e6,5.536219999999999
49,iso-control,OPTIMAL,0.0,-3.2960022717558324e7,2.7495135913573406e6,5.189609559027779
49,bi-level,OPTIMAL,0.0009795324200997484,-3.264304370043496e7,4.272665058529732e6,5.336740625
50,iso-control,OPTIMAL,0.0,-3.4231338092589565e7,5.035359466581914e6,3.2110595212658173
50,bi-level,TIME_LIMIT,0.002176876392941342,-3.4066914303926475e7,6.526112490952501e6,3.9262841666666812
51,iso-control,OPTIMAL,0.0,-3.794859684978755e7,3.860173111578948e6,2.189524442708334
51,bi-level,OPTIMAL,0.000910056182190424,-3.780798034161273e7,5.30961347017884e6,2.3455729166520944
52,iso-control,OPTIMAL,0.0,-3.525868426276181e7,5.791672200633541e6,3.6831642972589513
52,bi-level,TIME_LIMIT,0.0020941321926164764,-3.500177423303424e7,7.0585487951738555e6,3.694905626069231
53,iso-control,OPTIMAL,0.0,-3.781044861395763e7,3.858683831578948e6,2.302309466145834
53,bi-level,OPTIMAL,0.0008859484014425602,-3.764784372437492e7,5.698136404308628e6,2.0696608333333333
54,iso-control,OPTIMAL,0.0,-3.416592861349292e7,4.144788548091483e6,4.1416123581738455
54,bi-level,OPTIMAL,0.0009906857802483577,-3.384056769615068e7,6.727961683566792e6,5.243153124999661
55,iso-control,OPTIMAL,0.0,-3.45178985173505e7,5.08276968e6,6.6716587104166685
55,bi-level,OPTIMAL,0.000991316261199819,-3.4355110492227525e7,6.384495154472283e6,6.949533958365692
56,iso-control,OPTIMAL,0.0,-1.3901308621958507e7,6.527339742729534e6,15.266250999785308
56,bi-level,OPTIMAL,0.000993295700336936,-1.360110345367536e7,8.43599250016505e6,14.804693958333338
57,iso-control,OPTIMAL,0.0,-1.717840018059164e7,4.165865448421053e6,13.606680732502314
57,bi-level,TIME_LIMIT,0.0028849119175489092,-1.6653887011635754e7,6.87226461353151e6,13.292827099902846
58,iso-control,OPTIMAL,0.0,-1.9361444226533554e7,3.78577728e6,9.541958523776545
58,bi-level,OPTIMAL,0.0009370391187546796,-1.898738400543775e7,6.616785935568103e6,11.099748333444445
59,iso-control,OPTIMAL,0.0,-3.3687439908164516e7,3.4272813600000003e6,4.244480968749999
59,bi-level,OPTIMAL,0.000983473514470927,-3.3302185340773996e7,5.74310399178225e6,5.4106102083901
60,iso-control,OPTIMAL,0.0,-3.1212125938021418e7,4.764661191578948e6,4.72807323254559
60,bi-level,TIME_LIMIT,0.002119859296883453,-3.079008384804889e7,7.976443216300212e6,5.4629733485116825
61,iso-control,OPTIMAL,0.0,-3.2970852917849727e7,3.1130567893628813e6,5.136347469791666
61,bi-level,OPTIMAL,0.0009929942720842072,-3.2390525770387053e7,6.657726183318568e6,6.362750833333334
62,iso-control,OPTIMAL,0.0,-1.79459286255141e7,5.955574285207758e6,10.397907125353475
62,bi-level,OPTIMAL,0.0009886586165053282,-1.7729147594776053e7,7.632283324371757e6,11.865267708333334
63,iso-control,OPTIMAL,0.0,-2.5653266653120372e7,5.475635360000001e6,6.723058541666666
63,bi-level,OPTIMAL,0.0009809471032443797,-2.5464025184216466e7,7.178363237026477e6,7.983976874990091
64,iso-control,OPTIMAL,0.0,-1.7958490065622617e7,8.780735102936288e6,9.000839315624999
64,bi-level,OPTIMAL,0.0009901895112177626,-1.7654865040926732e7,1.0343118031498974e7,9.958395416677508
65,iso-control,OPTIMAL,0.0,-1.6068956215939218e7,8.971026195457064e6,9.267771735449678
65,bi-level,TIME_LIMIT,0.0028562385435073412,-1.5673350379027214e7,1.108744828805003e7,10.399222300811255
66,iso-control,OPTIMAL,0.0,-1.9528449403000824e7,8.738511882548476e6,9.086469985448407
66,bi-level,OPTIMAL,0.0009653305301894113,-1.9164597219641417e7,1.1074381484130133e7,10.373685000043194
67,iso-control,OPTIMAL,0.0,-2.278515836714691e7,7.6669170672576185e6,7.864052678394674
67,bi-level,TIME_LIMIT,0.0024377761901441604,-2.2578513095299676e7,9.283974584106397e6,7.696940208345581
68,iso-control,OPTIMAL,0.0,-784411.2777189959,9.100709315497408e6,14.571245983046225
68,bi-level,OPTIMAL,0.0009987572441309952,-739119.2208220363,1.0440470049963437e7,13.850533125000005
69,iso-control,OPTIMAL,0.0,-2.7238498317903772e7,7.426788738152817e6,3.759535193002628
69,bi-level,TIME_LIMIT,0.001364893004356562,-2.68664402747099e7,9.032580210732693e6,5.296419375002661
70,iso-control,OPTIMAL,0.0,-2.688234765494536e7,7.162361191357339e6,5.891430091261305
70,bi-level,OPTIMAL,0.0009999148150438458,-2.6628860089246202e7,8.77923803214921e6,6.2195760416666666
71,iso-control,OPTIMAL,0.0,-1.76651671622155e7,8.483377023379501e6,7.548586782291667
71,bi-level,TIME_LIMIT,0.0010886586554381822,-1.726805555037576e7,1.0712688378224328e7,8.863082500035972
72,iso-control,OPTIMAL,0.0,-3.2062208771880563e7,4.667409431578947e6,1.7451725852847764
72,bi-level,OPTIMAL,0.0009892840311688702,-3.1851366256337836e7,6.189159634026766e6,2.04059125
73,iso-control,OPTIMAL,0.0,-2.923791890138948e7,6.440674871135734e6,2.002097591759003
73,bi-level,OPTIMAL,0.0009950807294762333,-2.903142821203464e7,7.669956015153553e6,2.813806458333333
74,iso-control,OPTIMAL,0.0,-2.6962703375901498e7,6.373612106814405e6,4.304567078124999
74,bi-level,TIME_LIMIT,0.0017035001264142267,-2.6871771750609256e7,7.043489108509509e6,5.041861666666554
75,iso-control,OPTIMAL,0.0,-6.13444177128661e6,1.1094785679778393e7,11.847519983518005
75,bi-level,OPTIMAL,0.0009785684473510529,-5.866295825621054e6,1.2153480935079688e7,12.04029083334315
76,iso-control,OPTIMAL,0.0,-1.4995804064151257e7,8.474620750360109e6,8.266897529230151
76,bi-level,OPTIMAL,0.0009802836573300938,-1.4598841904046154e7,1.03997334416956e7,9.486242500077095
77,iso-control,OPTIMAL,0.0,-1.5917969909712747e7,7.740935031135733e6,7.737187183910433
77,bi-level,OPTIMAL,0.0009960525051129691,-1.5591917157750806e7,9.292140619271208e6,9.088282916666667
78,iso-control,OPTIMAL,0.0,7.999378715282883e6,1.191328106725762e7,14.196242668842332
78,bi-level,OPTIMAL,0.0009979062221612755,8.109274869949527e6,1.2924236924372163e7,14.657564166666669
79,iso-control,OPTIMAL,0.0,5.216320940693604e6,1.0381803315678671e7,13.952514518842344
79,bi-level,OPTIMAL,0.0009951182571060783,5.365567661723424e6,1.150305746760734e7,15.023944791717
80,iso-control,OPTIMAL,0.0,5.960373983512053e7,9.97012572631579e6,24.830499166666673
80,bi-level,OPTIMAL,0.0009988595945771908,5.983078218194894e7,1.0951211947904877e7,24.92558989583171
81,iso-control,OPTIMAL,0.0,8.660441186327148e6,1.0404896071357341e7,15.464268075184679
81,bi-level,OPTIMAL,0.0009684090540590458,8.864262494743824e6,1.1491287495586671e7,16.504227083360977
82,iso-control,OPTIMAL,0.0,3.205168066441879e6,1.1036967556281688e7,14.692884045663606
82,bi-level,OPTIMAL,0.0009973563902895342,3.2051935028832704e6,1.1126194144131675e7,14.717025833333587
83,iso-control,OPTIMAL,0.0,4.292433593578929e7,1.121887410526316e7,23.346280416666673
83,bi-level,OPTIMAL,0.00042168186381642695,4.307613294680995e7,1.183578350351934e7,23.209202499999876
84,iso-control,OPTIMAL,0.0,-595728.9549059699,9.76887975083915e6,13.514008464767999
84,bi-level,OPTIMAL,0.0009167183958556757,-414223.7392204441,1.0835694986811358e7,14.21213479170467
85,iso-control,OPTIMAL,0.0,-6.015823965262214e6,9.210721547257617e6,11.480832265152834
85,bi-level,OPTIMAL,0.0009819991859056827,-5.744167593426965e6,1.1200972013990493e7,12.081387083333334
86,iso-control,OPTIMAL,0.0,-2.2209949131038826e7,7.020345271578947e6,6.031828177083333
86,bi-level,OPTIMAL,0.0009908473089419616,-2.1921576125423253e7,9.803084494561002e6,7.249656666666666
87,iso-control,OPTIMAL,0.0,8.52701362498908e6,1.0404510688310253e7,15.550670059874195
87,bi-level,OPTIMAL,0.0009797877960120909,9.039858408478487e6,1.2544602745098555e7,16.153511145988645
88,iso-control,OPTIMAL,0.0,-2.6846989054806724e7,6.164970178614959e6,3.7672070950138696
88,bi-level,TIME_LIMIT,0.002698652740012875,-2.6427409074060485e7,8.461598794483349e6,5.31235208334547
89,iso-control,OPTIMAL,0.0,-1.7523780455796078e7,8.25381615867036e6,7.879131219791668
89,bi-level,TIME_LIMIT,0.006436650822831592,-1.6973762798254e7,9.603885983860703e6,8.341555416667289
90,iso-control,OPTIMAL,0.0,-1.2620603157918828e7,8.324989815401662e6,9.190292083333333
90,bi-level,OPTIMAL,0.0009404728003383348,-1.2381256022102801e7,9.51913150884898e6,9.686892916666675
